Filter ID:,54404,,LOCATION ID:,2,,,,,,,,,,,,
Date,Time,AT Max,AT Avg,AT Min,FT Max,FT Avg,FT Min,Diff Temp,BP,FP,FR Max,FR Avg,FR Min,Volume,CV,ET
dd/mm/yy,hh:mm:ss,Deg C,Deg C,Deg C,Deg C,Deg C,Deg C,Deg C,mbar,mmHg,Lpm,Lpm,Lpm,M3,%,HH:MM:SS
Machine Start at:,01-11-2024,08:11:27,,,,,,,,,,,,,,
01-11-2024,08:16:27,24.4,24.1,23.8,26.6,26.5,26.3,2.3,948.7,25.1,22.4,17.01,16.7,0.085,6.49,00:05:00
01-11-2024,08:21:27,24.7,24.5,24.4,27.2,26.9,26.5,2.3,949.6,24.9,16.8,16.7,16.6,0.168,1.3,00:10:00
01-11-2024,08:26:27,25,24.8,24.7,27.6,27.4,27.2,2.5,950.4,25,16.8,16.68,16.6,0.252,1.09,00:15:00
01-11-2024,08:31:27,25.2,25.1,25,28,27.8,27.6,2.7,950.9,25.1,16.7,16.62,16.6,0.335,1.03,00:20:00
01-11-2024,08:36:27,25.4,25.3,25.2,28.2,28,27.9,2.7,951.6,25.1,16.7,16.71,16.6,0.418,0.9,00:25:00
01-11-2024,08:41:27,25.5,25.4,25.3,28.4,28.3,28.2,2.8,951.6,25.1,16.7,16.64,16.6,0.501,0.85,00:30:00
01-11-2024,08:46:27,25.7,25.6,25.5,28.7,28.6,28.4,2.9,951.7,25.1,16.8,16.75,16.7,0.585,0.77,00:35:00
01-11-2024,08:51:27,26,25.8,25.7,29,28.8,28.7,2.9,951.8,25.1,16.7,16.66,16.6,0.669,0.73,00:40:00
01-11-2024,08:56:27,26.2,26,25.9,29.3,29.1,29,3,951.8,25.1,16.7,16.63,16.6,0.752,0.71,00:45:00
01-11-2024,09:01:27,26.4,26.3,26.1,29.5,29.3,29.2,3,951.8,25.1,16.7,16.65,16.6,0.835,0.68,00:50:00
01-11-2024,09:06:27,26.7,26.5,26.4,29.6,29.5,29.5,3,951.8,25.1,16.7,16.73,16.7,0.919,0.64,00:55:00
01-11-2024,09:11:27,26.9,26.8,26.6,29.7,29.6,29.5,2.8,951.9,25.1,16.7,16.68,16.6,1.002,0.61,01:00:00
01-11-2024,09:16:27,27.1,27,26.9,29.9,29.8,29.6,2.7,951.9,25.1,16.7,16.64,16.6,1.085,0.6,01:05:00
01-11-2024,09:21:27,27.3,27.2,27.1,30.1,29.9,29.8,2.6,951.9,25.1,16.7,16.65,16.6,1.169,0.58,01:10:00
01-11-2024,09:26:27,27.6,27.4,27.3,30.3,30.2,30.1,2.7,951.9,25.1,16.8,16.73,16.6,1.252,0.56,01:15:00
01-11-2024,09:31:27,27.8,27.7,27.5,30.4,30.3,30.2,2.6,951.9,25.1,16.7,16.71,16.6,1.336,0.54,01:20:00
01-11-2024,09:36:27,28.1,27.9,27.8,30.7,30.6,30.4,2.6,951.9,25.1,16.7,16.71,16.7,1.419,0.52,01:25:00
01-11-2024,09:41:27,28.5,28.3,28.1,31,30.8,30.7,2.5,951.9,25.1,16.7,16.67,16.6,1.503,0.51,01:30:00
01-11-2024,09:46:27,28.8,28.7,28.4,31.4,31.1,30.9,2.4,951.9,25.1,16.7,16.64,16.6,1.586,0.5,01:35:00
01-11-2024,09:51:27,29.1,29,28.8,31.9,31.7,31.4,2.7,951.9,25.1,16.6,16.6,16.6,1.669,0.5,01:40:00
01-11-2024,09:56:27,29.4,29.2,29.1,32.1,32,31.8,2.7,951.9,25.1,16.7,16.65,16.6,1.752,0.49,01:45:00
01-11-2024,10:01:27,29.7,29.5,29.3,32.5,32.3,32.1,2.8,951.9,25.1,16.8,16.74,16.7,1.836,0.49,01:50:00
01-11-2024,10:06:27,29.9,29.8,29.6,32.9,32.6,32.4,2.8,951.9,25.1,16.7,16.7,16.6,1.92,0.48,01:55:00
01-11-2024,10:11:27,30.3,30.1,29.9,33.1,33,32.8,2.8,951.9,25.1,16.7,16.66,16.6,2.003,0.47,02:00:00
01-11-2024,10:16:27,30.6,30.4,30.2,33.3,33.2,33,2.7,951.9,25.1,16.6,16.62,16.6,2.086,0.47,02:05:00
01-11-2024,10:21:27,31,30.8,30.6,34.2,33.7,33.3,2.9,951.9,25.1,16.7,16.69,16.6,2.169,0.46,02:10:00
01-11-2024,10:26:27,31.5,31.2,31,34.5,34.3,34.1,3.1,951.9,25.1,16.8,16.76,16.7,2.253,0.45,02:15:00
01-11-2024,10:31:27,31.9,31.7,31.4,34.9,34.7,34.5,3,951.9,25.1,16.7,16.73,16.7,2.337,0.45,02:20:00
01-11-2024,10:36:27,32.5,32.2,31.9,35.5,35.2,34.9,2.9,951.9,25.1,16.7,16.71,16.7,2.421,0.44,02:25:00
01-11-2024,10:41:27,33.1,32.8,32.5,35.7,35.6,35.5,2.8,951.9,25.1,16.7,16.68,16.6,2.504,0.43,02:30:00
01-11-2024,10:46:27,33.7,33.4,33.1,36.1,35.8,35.6,2.3,951.9,25.1,16.7,16.64,16.6,2.587,0.43,02:35:00
01-11-2024,10:51:27,34.4,34.1,33.7,36.4,36.2,36,2.1,951.9,25.1,16.7,16.68,16.6,2.671,0.42,02:40:00
01-11-2024,10:56:27,35.1,34.7,34.4,37.3,36.7,36.4,2,951.9,25.1,16.8,16.73,16.6,2.754,0.42,02:45:00
01-11-2024,11:01:27,36.2,35.6,35.1,38.3,37.8,37.3,2.1,951.9,25.1,16.7,16.7,16.6,2.838,0.41,02:50:00
01-11-2024,11:06:27,37.6,36.8,36.2,39.2,38.7,38.3,1.8,951.9,25.1,16.7,16.66,16.6,2.921,0.41,02:55:00
01-11-2024,11:11:27,39.3,38.4,37.6,40.2,39.7,39.2,1.2,951.9,25.1,16.7,16.66,16.6,3.004,0.4,03:00:00
01-11-2024,11:16:27,40.9,40.1,39.3,41.3,40.8,40.2,0.7,952.1,25.1,16.7,16.7,16.6,3.088,0.4,03:05:00
01-11-2024,11:21:27,42.5,41.7,40.9,42.4,41.9,41.3,0.2,952.3,25.1,16.7,16.67,16.6,3.171,0.39,03:10:00
01-11-2024,11:26:27,44,43.2,42.5,43.4,42.9,42.4,0.3,952.6,25.1,16.7,16.69,16.6,3.255,0.39,03:15:00
01-11-2024,11:31:27,45.4,44.7,44,44.3,43.9,43.4,0.8,953.3,25.1,16.7,16.68,16.6,3.338,0.38,03:20:00
01-11-2024,11:36:27,46.7,46,45.3,45.2,44.8,44.3,1.2,954.1,25.1,16.7,16.67,16.6,3.422,0.38,03:25:00
01-11-2024,11:41:27,47.9,47.3,46.7,46,45.6,45.2,1.7,954.7,25.1,16.7,16.7,16.6,3.505,0.37,03:30:00
01-11-2024,11:46:27,48.6,48.3,47.8,46.3,46.1,46,2.1,954.8,25.1,16.7,16.66,16.6,3.588,0.37,03:35:00
01-11-2024,11:51:27,48.8,48.6,48.5,46,45.8,45.5,2.8,954.7,25.1,16.7,16.73,16.7,3.672,0.36,03:40:00
01-11-2024,11:56:27,48.5,48.3,47.8,45.5,45.3,45.1,2.9,953.9,25.1,16.7,16.71,16.7,3.756,0.36,03:45:00
01-11-2024,12:01:27,47.8,47.4,46.9,45.1,44.8,44.5,2.5,952.7,25.1,16.7,16.7,16.6,3.839,0.36,03:50:00
01-11-2024,12:06:27,46.9,46.5,46.1,45,44.6,44.4,1.8,952.2,25.1,16.7,16.73,16.7,3.923,0.35,03:55:00
01-11-2024,12:11:27,46.7,46.4,46.1,46.3,45.7,45,0.6,952.5,25.1,16.7,16.7,16.6,4.006,0.35,04:00:00
01-11-2024,12:16:27,47.6,47.2,46.7,46.4,46.3,46.2,0.8,952.3,25.1,16.7,16.66,16.6,4.09,0.35,04:05:00
01-11-2024,12:21:27,47.9,47.8,47.6,46.3,46.1,46.1,1.6,952,25.1,16.7,16.65,16.6,4.173,0.35,04:10:00
01-11-2024,12:26:27,48.1,48,47.8,46.6,46.3,46.1,1.6,952,25.2,16.7,16.7,16.6,4.257,0.34,04:15:00
01-11-2024,12:31:27,48.8,48.3,48,47.4,47,46.5,1.2,951.9,25.3,16.8,16.73,16.7,4.34,0.34,04:20:00
01-11-2024,12:36:27,50.1,49.3,48.8,48.4,47.9,47.4,1.4,952,25.2,16.7,16.68,16.6,4.424,0.34,04:25:00
01-11-2024,12:41:27,51.1,50.6,50.1,48.8,48.5,48.4,2,952.2,25.2,16.7,16.66,16.6,4.507,0.34,04:30:00
01-11-2024,12:46:27,52,51.6,51.1,49.1,49,48.8,2.6,952.5,25.2,16.8,16.72,16.6,4.591,0.33,04:35:00
01-11-2024,12:51:27,52.2,52,51.9,49,48.7,48.4,3.3,952.4,25.1,16.7,16.7,16.6,4.674,0.33,04:40:00
01-11-2024,12:56:27,51.9,51.7,51.5,48.7,48.5,48.3,3.2,952.9,25.1,16.7,16.68,16.6,4.758,0.33,04:45:00
01-11-2024,13:01:27,51.8,51.6,51.4,49.4,49.1,48.7,2.5,952.4,25.2,16.7,16.66,16.6,4.841,0.33,04:50:00
01-11-2024,13:06:27,52.9,52.3,51.8,50.5,49.8,49.4,2.4,953.1,25.4,16.7,16.68,16.6,4.924,0.32,04:55:00
01-11-2024,13:11:27,53.7,53.3,52.9,50.7,50.6,50.4,2.6,954.2,25.3,16.7,16.68,16.6,5.008,0.32,05:00:00
01-11-2024,13:16:27,53.8,53.6,53.4,50.4,49.8,49,3.8,954.2,25.2,16.7,16.67,16.6,5.091,0.32,05:05:00
01-11-2024,13:21:27,53.4,52.8,52.1,49,48.6,48.2,4.1,952.7,25.2,16.7,16.71,16.6,5.175,0.31,05:10:00
01-11-2024,13:26:27,52.2,51.4,50.7,48.3,47.8,47.4,3.6,952,25.5,16.7,16.7,16.6,5.258,0.31,05:15:00
01-11-2024,13:31:27,50.7,50,49.5,47.5,47.3,47.2,2.6,951.9,25.4,16.7,16.65,16.6,5.341,0.31,05:20:00
01-11-2024,13:36:27,49.8,49.6,49.3,48.5,48,47.5,1.5,951.9,25.7,16.7,16.67,16.6,5.425,0.31,05:25:00
01-11-2024,13:41:27,51.1,50.5,49.8,49.2,48.9,48.5,1.5,951.9,25.5,16.7,16.65,16.6,5.508,0.31,05:30:00
01-11-2024,13:46:27,52.4,51.9,51.1,49.6,49.5,49.2,2.3,951.9,25.4,16.7,16.65,16.6,5.591,0.31,05:35:00
01-11-2024,13:51:27,52.6,52.4,52.3,49.5,49.1,48.8,3.3,951.9,25.4,16.8,16.74,16.7,5.675,0.31,05:40:00
01-11-2024,13:56:27,52.4,52.2,52,49.3,49.1,48.8,3.1,951.9,25.7,16.7,16.73,16.7,5.759,0.31,05:45:00
01-11-2024,14:01:27,52.2,52,51.9,49.7,49.5,49.3,2.5,951.9,25.6,16.7,16.7,16.6,5.842,0.31,05:50:00
01-11-2024,14:06:27,52.3,52.2,52,49.7,49.6,49.5,2.5,951.9,25.4,16.7,16.65,16.6,5.926,0.31,05:55:00
01-11-2024,14:11:27,52.3,52.2,52,49.5,49.3,49.1,2.8,951.9,25.3,16.7,16.65,16.6,6.009,0.3,06:00:00
01-11-2024,14:16:27,52.1,51.7,51.3,49.1,48.9,48.7,2.8,951.9,25.5,16.7,16.67,16.6,6.092,0.3,06:05:00
01-11-2024,14:21:27,51.4,51,50.5,48.7,48.3,48,2.6,951.9,25.7,16.7,16.68,16.6,6.176,0.3,06:10:00
01-11-2024,14:26:27,50.6,49.9,49.3,48,47.5,47.1,2.3,951.9,26,16.7,16.72,16.7,6.259,0.3,06:15:00
01-11-2024,14:31:27,49.3,48.6,48,47.1,46.7,46.4,1.9,951.9,26.1,16.7,16.67,16.6,6.343,0.3,06:20:00
01-11-2024,14:36:27,48,47.3,46.6,46.4,46,45.5,1.3,951.9,26.7,16.7,16.67,16.6,6.426,0.29,06:25:00
01-11-2024,14:41:27,46.6,46,45.4,45.5,45.2,44.8,0.8,951.9,27.3,16.7,16.72,16.7,6.51,0.29,06:30:00
01-11-2024,14:46:27,45.5,44.9,44.5,44.9,44.7,44.4,0.2,951.9,27.3,16.7,16.7,16.6,6.593,0.29,06:35:00
01-11-2024,14:51:27,44.5,44.1,43.7,44.4,44.2,43.9,0.1,951.9,27.3,16.7,16.66,16.6,6.677,0.29,06:40:00
01-11-2024,14:56:27,43.7,43.2,42.9,43.9,43.7,43.6,0.5,951.8,27.7,16.7,16.7,16.6,6.76,0.29,06:45:00
01-11-2024,15:01:27,43,42.9,42.7,44.2,43.8,43.6,0.9,951.9,27.8,16.7,16.71,16.7,6.844,0.28,06:50:00
01-11-2024,15:06:27,44.1,43.5,42.9,44.9,44.5,44.2,1,951.9,27.8,16.7,16.73,16.7,6.927,0.29,06:55:00
01-11-2024,15:11:27,45.5,44.8,44.1,45.5,45.2,44.9,0.4,951.9,27.6,16.7,16.72,16.7,7.011,0.28,07:00:00
01-11-2024,15:16:27,46.5,46.1,45.5,45.5,45.4,45.2,0.7,951.9,27.3,16.7,16.72,16.7,7.095,0.28,07:05:00
01-11-2024,15:21:27,47.1,46.8,46.4,45.5,45.4,45.3,1.4,951.9,26.6,16.7,16.69,16.6,7.178,0.28,07:10:00
01-11-2024,15:26:27,47.3,47.2,47,45.5,45.4,45.2,1.8,951.8,26.9,16.7,16.7,16.7,7.262,0.28,07:15:00
01-11-2024,15:31:27,47.5,47.4,47.2,45.7,45.5,45.3,1.8,951.8,26.5,16.7,16.68,16.6,7.345,0.28,07:20:00
01-11-2024,15:36:27,47.8,47.6,47.3,45.8,45.6,45.5,1.9,951.8,26.4,16.7,16.65,16.6,7.428,0.27,07:25:00
01-11-2024,15:41:27,48.3,48,47.7,46.4,46.1,45.8,1.8,951.8,26.6,16.7,16.67,16.6,7.512,0.27,07:30:00
01-11-2024,15:46:27,49,48.8,48.4,46.5,46.4,46.3,2.3,951.9,26.3,16.7,16.64,16.6,7.595,0.27,07:35:00
01-11-2024,15:51:27,49.3,49.1,49,46.5,46.4,46.3,2.7,951.9,26.5,16.7,16.67,16.6,7.678,0.27,07:40:00
01-11-2024,15:56:27,49.4,49.3,49.1,46.9,46.7,46.4,2.5,951.9,26.7,16.7,16.73,16.7,7.762,0.27,07:45:00
01-11-2024,16:01:27,49.7,49.6,49.3,47.2,47.1,46.9,2.4,951.9,26.6,16.7,16.71,16.7,7.846,0.27,07:50:00
01-11-2024,16:06:27,49.8,49.7,49.5,47.1,47,46.9,2.6,951.9,26,16.7,16.68,16.6,7.929,0.27,07:55:00
01-11-2024,16:11:27,49.7,49.6,49.5,47.3,47.2,47,2.4,951.9,26.6,16.7,16.67,16.6,8.012,0.27,08:00:00
01-11-2024,16:16:27,49.6,49.3,49,47.2,47,46.7,2.3,951.9,26.3,16.7,16.66,16.6,8.096,0.27,08:05:00
01-11-2024,16:21:27,49.1,48.7,48.3,46.8,46.6,46.5,2.1,951.9,26.4,16.7,16.66,16.6,8.179,0.27,08:10:00
01-11-2024,16:26:27,48.3,48,47.8,46.5,46.4,46.2,1.6,951.9,26.8,16.7,16.67,16.6,8.263,0.27,08:15:00
01-11-2024,16:31:27,47.8,47.6,47.3,46.3,46.3,46.2,1.3,951.9,27.5,16.7,16.65,16.6,8.346,0.27,08:20:00
01-11-2024,16:36:27,47.5,47.3,47.1,46.3,46.1,46,1.1,951.9,27.4,16.7,16.66,16.6,8.429,0.27,08:25:00
01-11-2024,16:41:27,47.2,47.1,47.1,46.2,46.1,46,1,951.9,27.6,16.7,16.67,16.6,8.513,0.27,08:30:00
01-11-2024,16:46:27,47.3,47.2,47.1,46.2,46.1,46,1,951.9,27.5,16.7,16.68,16.6,8.596,0.26,08:35:00
01-11-2024,16:51:27,47.3,47.2,47.1,46.1,45.9,45.7,1.2,951.9,27.3,16.7,16.69,16.6,8.679,0.26,08:40:00
01-11-2024,16:56:27,47.1,46.8,46.5,45.7,45.5,45.2,1.2,951.9,27.6,16.7,16.7,16.6,8.763,0.26,08:45:00
01-11-2024,17:01:27,46.5,46,45.5,45.2,44.8,44.5,1.1,951.9,27.6,16.7,16.71,16.6,8.847,0.26,08:50:00
01-11-2024,17:06:27,45.5,44.9,44.3,44.5,44,43.6,0.8,951.9,27.6,16.7,16.68,16.6,8.93,0.26,08:55:00
01-11-2024,17:11:27,44.3,43.7,43.1,43.6,43.3,42.9,0.4,951.8,27.7,16.7,16.69,16.6,9.013,0.26,09:00:00
01-11-2024,17:16:27,43.1,42.7,42.1,42.9,42.7,42.4,0,951.8,27.8,16.8,16.73,16.7,9.097,0.26,09:05:00
01-11-2024,17:21:27,42.2,41.6,41.2,42.5,42.1,41.8,0.4,951.9,27.8,16.7,16.66,16.6,9.18,0.26,09:10:00
01-11-2024,17:26:27,41.2,40.7,40.3,41.8,41.5,41.3,0.8,951.9,27.8,16.7,16.68,16.6,9.264,0.26,09:15:00
01-11-2024,17:31:27,40.3,39.9,39.5,41.3,41.1,40.8,1.1,951.9,27.8,16.7,16.73,16.7,9.348,0.26,09:20:00
01-11-2024,17:36:27,39.6,39.2,38.9,40.9,40.6,40.4,1.4,951.9,27.8,16.7,16.71,16.6,9.431,0.26,09:25:00
01-11-2024,17:41:27,38.9,38.5,38.2,40.4,40.2,40,1.7,951.8,27.8,16.7,16.65,16.6,9.514,0.26,09:30:00
01-11-2024,17:46:27,38.2,37.9,37.7,40,39.8,39.6,1.9,951.8,27.8,16.7,16.69,16.6,9.598,0.25,09:35:00
01-11-2024,17:51:27,37.7,37.4,37.2,39.6,39.3,39.1,1.8,951.8,27.8,16.7,16.72,16.6,9.682,0.26,09:40:00
01-11-2024,17:56:27,37.2,37,36.7,39.1,38.9,38.7,1.8,951.8,27.7,16.7,16.66,16.6,9.765,0.25,09:45:00
01-11-2024,18:01:27,36.8,36.6,36.4,38.8,38.7,38.5,2,951.8,27.7,16.7,16.67,16.6,9.848,0.25,09:50:00
01-11-2024,18:06:27,36.4,36.2,36,38.5,38.4,38.3,2.1,951.8,27.8,16.7,16.67,16.6,9.932,0.25,09:55:00
01-11-2024,18:11:27,36.1,35.9,35.7,38.3,38.1,38.1,2.2,951.8,27.8,16.7,16.71,16.7,10.015,0.25,10:00:00
01-11-2024,18:16:27,35.8,35.6,35.5,38.1,38,37.9,2.3,951.8,27.8,16.7,16.72,16.7,10.099,0.25,10:05:00
01-11-2024,18:21:27,35.5,35.4,35.2,38,37.8,37.6,2.4,951.8,27.8,16.8,16.76,16.7,10.183,0.25,10:10:00
01-11-2024,18:26:27,35.2,35.1,34.9,37.7,37.5,37.3,2.4,951.8,27.8,16.7,16.7,16.6,10.266,0.26,10:15:00
01-11-2024,18:31:27,35,34.8,34.7,37.4,37.3,37.1,2.4,951.9,27.7,16.7,16.65,16.6,10.349,0.25,10:20:00
01-11-2024,18:36:27,34.7,34.6,34.4,37.2,37,37,2.4,951.8,27.8,16.7,16.67,16.6,10.433,0.26,10:25:00
01-11-2024,18:41:27,34.5,34.4,34.3,37,36.9,36.8,2.4,951.9,27.8,16.7,16.7,16.7,10.516,0.25,10:30:00
01-11-2024,18:46:27,34.4,34.3,34.2,36.8,36.7,36.7,2.4,951.9,27.8,16.7,16.71,16.7,10.6,0.26,10:35:00
01-11-2024,18:51:27,34.2,34.1,34.1,36.7,36.6,36.5,2.4,951.9,27.8,16.7,16.71,16.7,10.683,0.25,10:40:00
01-11-2024,18:56:27,34.1,34,33.9,36.5,36.4,36.3,2.3,951.9,27.8,16.8,16.77,16.7,10.767,0.25,10:45:00
01-11-2024,19:01:27,34,33.9,33.8,36.5,36.4,36.3,2.5,951.9,27.8,16.8,16.75,16.7,10.851,0.25,10:50:00
01-11-2024,19:06:27,33.8,33.7,33.6,36.4,36.3,36.3,2.6,951.9,27.9,16.8,16.74,16.7,10.935,0.26,10:55:00
01-11-2024,19:11:27,33.7,33.6,33.5,36.3,36.2,36.1,2.5,951.9,27.6,16.7,16.66,16.6,11.018,0.26,11:00:00
01-11-2024,19:16:27,33.5,33.4,33.3,36.1,36,35.9,2.6,951.9,27.7,16.7,16.64,16.6,11.101,0.26,11:05:00
01-11-2024,19:21:27,33.4,33.3,33.2,36,35.9,35.7,2.5,951.9,27.8,16.6,16.64,16.6,11.185,0.26,11:10:00
01-11-2024,19:26:27,33.3,33.2,33.1,35.9,35.8,35.7,2.6,951.9,27.8,16.6,16.63,16.6,11.268,0.26,11:15:00
01-11-2024,19:31:27,33.1,33,32.9,35.8,35.6,35.5,2.6,951.9,27.8,16.7,16.66,16.6,11.351,0.26,11:20:00
01-11-2024,19:36:27,33,32.9,32.8,35.6,35.4,35.3,2.5,951.9,27.8,16.7,16.69,16.6,11.435,0.26,11:25:00
01-11-2024,19:41:27,32.9,32.8,32.7,35.3,35.2,35.2,2.4,951.9,27.9,16.7,16.69,16.6,11.518,0.26,11:30:00
01-11-2024,19:46:27,32.8,32.7,32.6,35.2,35.1,35.1,2.4,951.9,27.9,16.7,16.69,16.6,11.602,0.26,11:35:00
01-11-2024,19:51:27,32.7,32.7,32.6,35.2,35.1,34.9,2.4,951.9,27.8,16.7,16.72,16.7,11.685,0.26,11:40:00
01-11-2024,19:56:27,32.7,32.6,32.5,35,34.9,34.8,2.3,951.9,27.9,16.8,16.75,16.7,11.769,0.26,11:45:00
01-11-2024,20:01:27,32.5,32.4,32.3,34.9,34.7,34.6,2.2,951.9,27.9,16.8,16.76,16.7,11.853,0.26,11:50:00
01-11-2024,20:06:27,32.4,32.3,32.2,34.7,34.6,34.5,2.3,951.9,27.9,16.7,16.74,16.7,11.937,0.26,11:55:00
01-11-2024,20:11:27,32.2,32.2,32.1,34.6,34.6,34.5,2.3,951.9,27.9,16.7,16.73,16.7,12.02,0.26,12:00:00
01-11-2024,20:16:27,32.1,32.1,32,34.6,34.6,34.5,2.5,951.9,27.9,16.7,16.67,16.6,12.104,0.26,12:05:00
01-11-2024,20:21:27,32.1,32,31.9,34.6,34.5,34.4,2.5,951.9,27.9,16.7,16.65,16.6,12.187,0.26,12:10:00
01-11-2024,20:26:27,31.9,31.9,31.8,34.5,34.4,34.4,2.5,951.9,27.9,16.7,16.63,16.6,12.27,0.25,12:15:00
01-11-2024,20:31:27,31.9,31.8,31.8,34.5,34.4,34.3,2.5,951.9,27.9,16.7,16.64,16.6,12.353,0.25,12:20:00
01-11-2024,20:36:27,31.9,31.8,31.8,34.4,34.3,34.3,2.5,951.9,27.9,16.7,16.63,16.6,12.436,0.25,12:25:00
01-11-2024,20:41:27,31.9,31.8,31.7,34.4,34.3,34.2,2.5,951.9,27.9,16.7,16.64,16.6,12.52,0.25,12:30:00
Residual Sample:,01:21,,,,,,,,,,,,,,,
01-11-2024,20:47:24,0,31.8,0,0,34.3,0,2.5,0.2,27.8,0,16.64,0,12.537,0.25,12:31:00
Machine Restart,,,,,,,,,,,,,,,,
01-11-2024,20:52:23,31.8,31.7,31.5,34.1,34,33.7,2.2,951.9,28.2,21.1,16.92,16.7,12.622,0.27,12:36:00
01-11-2024,20:57:23,31.8,31.7,31.6,34,33.9,33.8,2.1,951.9,27.9,16.7,16.67,16.6,12.705,0.27,12:41:00
01-11-2024,21:02:23,31.7,31.6,31.5,34,33.9,33.8,2.2,951.9,27.9,16.7,16.67,16.6,12.789,0.27,12:46:00
01-11-2024,21:07:23,31.6,31.5,31.3,34,33.9,33.9,2.4,951.9,27.9,16.7,16.65,16.6,12.872,0.27,12:51:00
01-11-2024,21:12:23,31.4,31.3,31.2,34,34,33.9,2.6,951.9,27.9,16.8,16.77,16.7,12.956,0.27,12:56:00
01-11-2024,21:17:23,31.3,31.2,31.1,33.9,33.8,33.7,2.6,951.9,27.9,16.8,16.75,16.7,13.04,0.27,13:01:00
01-11-2024,21:22:23,31.2,31.1,31.1,33.8,33.7,33.6,2.5,951.9,27.9,16.8,16.75,16.7,13.124,0.27,13:06:00
01-11-2024,21:27:23,31.1,31.1,31.1,33.8,33.7,33.7,2.6,951.9,27.9,16.7,16.73,16.7,13.207,0.27,13:11:00
01-11-2024,21:32:23,31.2,31.1,31.1,33.8,33.7,33.6,2.5,951.9,27.9,16.7,16.72,16.7,13.291,0.27,13:16:00
01-11-2024,21:37:23,31.2,31.2,31.1,33.7,33.6,33.6,2.4,951.9,27.9,16.7,16.71,16.7,13.374,0.27,13:21:00
01-11-2024,21:42:23,31.3,31.2,31.1,33.7,33.6,33.6,2.4,951.9,27.9,16.7,16.69,16.6,13.458,0.27,13:26:00
01-11-2024,21:47:23,31.3,31.2,31.2,33.8,33.7,33.6,2.5,951.9,27.9,16.7,16.69,16.6,13.541,0.27,13:31:00
01-11-2024,21:52:23,31.3,31.2,31.1,33.9,33.8,33.7,2.6,951.9,27.9,16.7,16.69,16.6,13.625,0.27,13:36:00
01-11-2024,21:57:23,31.3,31.2,31.2,34,33.8,33.7,2.5,951.9,27.9,16.7,16.69,16.6,13.708,0.26,13:41:00
01-11-2024,22:02:23,31.3,31.3,31.2,33.8,33.7,33.6,2.3,951.9,27.9,16.7,16.7,16.6,13.792,0.26,13:46:00
01-11-2024,22:07:23,31.3,31.2,31.2,33.8,33.7,33.6,2.4,951.9,27.9,16.7,16.69,16.6,13.875,0.26,13:51:00
01-11-2024,22:12:23,31.2,31.2,31.1,33.8,33.7,33.6,2.4,951.9,27.9,16.7,16.68,16.6,13.958,0.26,13:56:00
01-11-2024,22:17:23,31.2,31.1,31.1,33.7,33.6,33.4,2.4,951.9,27.9,16.7,16.68,16.6,14.042,0.26,14:01:00
01-11-2024,22:22:23,31.1,31.1,31,33.6,33.6,33.5,2.5,951.9,27.9,16.7,16.68,16.6,14.125,0.26,14:06:00
01-11-2024,22:27:23,31,31,30.9,33.7,33.6,33.6,2.6,951.9,27.9,16.7,16.67,16.6,14.209,0.26,14:11:00
01-11-2024,22:32:23,31,30.9,30.8,33.6,33.6,33.5,2.7,951.9,27.9,16.7,16.66,16.6,14.292,0.26,14:16:00
01-11-2024,22:37:23,30.8,30.8,30.7,33.6,33.5,33.4,2.7,951.9,27.9,16.7,16.66,16.6,14.375,0.26,14:21:00
01-11-2024,22:42:23,30.8,30.7,30.7,33.5,33.3,33.2,2.6,951.9,28,16.7,16.67,16.6,14.459,0.26,14:26:00
01-11-2024,22:47:23,30.8,30.7,30.7,33.2,33.2,33.1,2.4,951.9,27.9,16.7,16.68,16.6,14.542,0.26,14:31:00
01-11-2024,22:52:23,30.8,30.7,30.7,33.2,33.2,33.1,2.4,951.9,27.9,16.7,16.67,16.6,14.625,0.26,14:36:00
01-11-2024,22:57:23,30.8,30.8,30.7,33.3,33.2,33.2,2.4,951.9,28,16.7,16.66,16.6,14.709,0.26,14:41:00
01-11-2024,23:02:23,30.8,30.8,30.7,33.5,33.3,33.3,2.5,951.9,28.2,16.7,16.66,16.6,14.792,0.25,14:46:00
01-11-2024,23:07:23,30.9,30.8,30.8,33.4,33.3,33.3,2.5,951.9,28.3,16.7,16.67,16.6,14.876,0.25,14:51:00
01-11-2024,23:12:23,30.9,30.8,30.8,33.4,33.3,33.2,2.4,951.9,28.5,16.7,16.66,16.6,14.959,0.25,14:56:00
01-11-2024,23:17:23,30.9,30.9,30.8,33.3,33.2,33.1,2.3,951.9,28.9,16.7,16.66,16.6,15.042,0.25,15:01:00
01-11-2024,23:22:23,30.9,30.9,30.9,33.2,33.1,33,2.2,951.9,29.1,16.7,16.66,16.6,15.126,0.25,15:06:00
01-11-2024,23:27:23,30.9,30.9,30.8,33.2,33.1,33,2.2,951.9,29.3,16.7,16.66,16.6,15.209,0.25,15:11:00
01-11-2024,23:32:23,30.9,30.9,30.8,33.3,33.2,33.1,2.3,951.9,29.6,16.7,16.66,16.6,15.293,0.25,15:16:00
01-11-2024,23:37:23,30.9,30.8,30.8,33.3,33.2,33.2,2.4,951.9,29.8,16.7,16.66,16.6,15.376,0.25,15:21:00
01-11-2024,23:42:23,30.9,30.8,30.7,33.3,33.2,33.2,2.4,951.9,30.3,16.7,16.66,16.6,15.459,0.25,15:26:00
01-11-2024,23:47:23,30.8,30.8,30.7,33.3,33.2,33.2,2.4,951.9,30.3,16.7,16.65,16.6,15.543,0.25,15:31:00
01-11-2024,23:52:23,30.8,30.8,30.7,33.4,33.2,33.2,2.4,951.9,30.3,16.7,16.65,16.6,15.626,0.25,15:36:00
01-11-2024,23:57:23,30.8,30.8,30.7,33.2,33.2,33.1,2.3,951.9,30.5,16.7,16.65,16.6,15.709,0.25,15:41:00
02-11-2024,00:02:23,30.8,30.8,30.7,33.1,33.1,33,2.2,951.9,30.6,16.7,16.65,16.6,15.792,0.25,15:46:00
02-11-2024,00:07:23,30.9,30.8,30.8,33.2,33.1,33,2.2,951.9,30.6,16.7,16.65,16.6,15.876,0.25,15:51:00
02-11-2024,00:12:23,30.8,30.8,30.7,33.2,33.1,33,2.3,951.9,30.6,16.7,16.65,16.6,15.959,0.25,15:56:00
02-11-2024,00:17:23,30.8,30.7,30.7,33,33,32.9,2.2,951.9,30.6,16.7,16.66,16.6,16.042,0.25,16:01:00
02-11-2024,00:22:23,30.7,30.7,30.7,33.1,33,32.9,2.2,951.9,30.6,16.7,16.65,16.6,16.125,0.25,16:06:00
02-11-2024,00:27:23,30.8,30.7,30.7,33,32.9,32.8,2.1,951.9,30.6,16.7,16.66,16.6,16.209,0.25,16:11:00
02-11-2024,00:32:23,30.7,30.7,30.6,32.9,32.8,32.7,2.1,951.8,30.6,16.7,16.66,16.6,16.292,0.25,16:16:00
02-11-2024,00:37:23,30.7,30.7,30.6,32.8,32.7,32.6,2,951.8,30.6,16.7,16.65,16.6,16.375,0.25,16:21:00
Residual Sample:,04:14,,,,,,,,,,,,,,,
02-11-2024,00:46:17,0,30.7,0,0,32.7,0,2,0.2,30.6,0,16.67,0,16.443,0.25,16:25:00
Machine Restart,,,,,,,,,,,,,,,,
02-11-2024,00:51:16,30.5,30.4,30.2,32.3,32.2,31.9,1.7,951.3,30.8,21.3,16.94,16.7,16.528,0.27,16:30:00
02-11-2024,00:56:16,30.3,30.2,30.1,32.2,32,31.9,1.8,951.6,30.5,16.7,16.66,16.6,16.611,0.27,16:35:00
02-11-2024,01:01:16,30.1,30,29.9,32,31.8,31.8,1.8,951.5,30.6,16.7,16.69,16.6,16.695,0.27,16:40:00
02-11-2024,01:06:16,29.9,29.8,29.7,31.8,31.7,31.6,1.9,951.7,30.6,16.7,16.64,16.6,16.778,0.27,16:45:00
02-11-2024,01:11:16,29.8,29.7,29.6,31.7,31.6,31.5,1.9,951.8,30.6,16.7,16.64,16.6,16.861,0.27,16:50:00
02-11-2024,01:16:16,29.7,29.5,29.5,31.7,31.6,31.5,2,951.5,30.6,16.7,16.65,16.6,16.944,0.27,16:55:00
02-11-2024,01:21:16,29.5,29.4,29.4,31.6,31.5,31.4,2,951.5,30.6,16.8,16.73,16.6,17.028,0.27,17:00:00
02-11-2024,01:26:16,29.4,29.4,29.3,31.5,31.4,31.3,2,951.4,30.6,16.8,16.77,16.7,17.112,0.27,17:05:00
02-11-2024,01:31:16,29.4,29.3,29.3,31.5,31.4,31.3,2,951.3,30.6,16.8,16.76,16.7,17.196,0.27,17:10:00
02-11-2024,01:36:16,29.3,29.3,29.3,31.5,31.4,31.3,2.1,951.4,30.6,16.8,16.74,16.7,17.28,0.28,17:15:00
02-11-2024,01:41:16,29.3,29.3,29.2,31.4,31.4,31.3,2,951.4,30.6,16.7,16.73,16.7,17.364,0.27,17:20:00
02-11-2024,01:46:16,29.3,29.3,29.2,31.4,31.3,31.2,2,951.5,30.6,16.7,16.73,16.7,17.447,0.27,17:25:00
02-11-2024,01:51:16,29.3,29.3,29.3,31.4,31.3,31.2,2,951.3,30.6,16.7,16.73,16.7,17.531,0.27,17:30:00
02-11-2024,01:56:16,29.3,29.3,29.2,31.4,31.3,31.2,2,950.7,30.6,16.7,16.73,16.6,17.615,0.27,17:35:00
02-11-2024,02:01:16,29.3,29.3,29.2,31.4,31.3,31.2,2,951.1,30.6,16.7,16.72,16.7,17.699,0.27,17:40:00
02-11-2024,02:06:16,29.3,29.2,29.2,31.4,31.3,31.2,2,950.9,30.6,16.7,16.71,16.7,17.782,0.27,17:45:00
02-11-2024,02:11:16,29.3,29.2,29.2,31.4,31.3,31.2,2,950.8,30.6,16.7,16.7,16.6,17.866,0.27,17:50:00
02-11-2024,02:16:16,29.3,29.3,29.2,31.5,31.3,31.2,2,950.9,30.6,16.7,16.69,16.6,17.949,0.27,17:55:00
02-11-2024,02:21:16,29.3,29.2,29.2,31.4,31.3,31.2,2.1,950.9,30.6,16.7,16.68,16.6,18.033,0.27,18:00:00
02-11-2024,02:26:16,29.2,29.2,29.1,31.3,31.2,31.1,2,949.8,30.6,16.7,16.71,16.6,18.116,0.27,18:05:00
02-11-2024,02:31:16,29.1,29.1,29,31.2,31.1,31,2,949.3,30.6,16.7,16.74,16.7,18.2,0.27,18:10:00
02-11-2024,02:36:16,29,29,28.9,31.1,31,30.9,2,949.4,30.6,16.8,16.74,16.7,18.284,0.27,18:15:00
02-11-2024,02:41:16,29,28.9,28.9,31,31,30.8,2,948.9,30.6,16.8,16.75,16.7,18.368,0.27,18:20:00
02-11-2024,02:46:16,28.9,28.9,28.8,31.1,31,30.9,2.1,949.2,30.6,16.8,16.75,16.7,18.451,0.27,18:25:00
02-11-2024,02:51:16,28.8,28.8,28.7,31.1,31,31,2.2,949.2,30.6,16.8,16.74,16.7,18.535,0.26,18:30:00
02-11-2024,02:56:16,28.8,28.8,28.7,31.1,31,31,2.2,949.5,30.6,16.7,16.74,16.7,18.619,0.27,18:35:00
02-11-2024,03:01:16,28.8,28.8,28.7,31.1,31,31,2.2,949.5,30.6,16.7,16.74,16.7,18.703,0.27,18:40:00
02-11-2024,03:06:16,28.8,28.8,28.7,31.1,31,31,2.2,949.3,30.6,16.8,16.74,16.7,18.787,0.27,18:45:00
02-11-2024,03:11:16,28.9,28.8,28.8,31.1,31,30.9,2.1,949.7,30.6,16.7,16.74,16.7,18.871,0.27,18:50:00
02-11-2024,03:16:16,28.9,28.8,28.8,31.1,31,30.9,2.1,949.6,30.6,16.8,16.74,16.7,18.954,0.27,18:55:00
02-11-2024,03:21:16,28.9,28.9,28.8,31.1,31.1,31,2.1,948.8,30.6,16.8,16.75,16.7,19.038,0.27,19:00:00
02-11-2024,03:26:16,28.9,28.9,28.8,31.1,31.1,31,2.1,948.8,30.6,16.7,16.73,16.7,19.122,0.27,19:05:00
02-11-2024,03:31:16,28.9,28.9,28.9,31.2,31.1,31,2.1,948.8,30.6,16.7,16.72,16.7,19.206,0.27,19:10:00
02-11-2024,03:36:16,29,28.9,28.9,31.2,31.1,30.9,2.1,948.7,30.6,16.7,16.7,16.7,19.289,0.27,19:15:00
02-11-2024,03:41:16,29,28.9,28.9,31.3,31.2,31.1,2.2,948.8,30.6,16.7,16.69,16.6,19.372,0.27,19:20:00
02-11-2024,03:46:16,29.1,29,29,31.2,31.2,31.1,2.1,948.8,30.6,16.7,16.69,16.6,19.456,0.27,19:25:00
02-11-2024,03:51:16,29.1,29.1,29,31.3,31.2,31.1,2.1,948.7,30.6,16.7,16.69,16.6,19.54,0.27,19:30:00
02-11-2024,03:56:16,29.2,29.1,29.1,31.4,31.3,31.1,2.1,948.7,30.6,16.7,16.7,16.7,19.623,0.26,19:35:00
02-11-2024,04:01:16,29.2,29.2,29.1,31.4,31.3,31.2,2,948.7,30.6,16.7,16.7,16.7,19.707,0.26,19:40:00
02-11-2024,04:06:16,29.2,29.2,29.1,31.3,31.2,31.1,2,948.7,30.6,16.7,16.7,16.7,19.79,0.26,19:45:00
02-11-2024,04:11:16,29.2,29.1,29,31.2,31.1,31,1.9,948.7,30.6,16.7,16.69,16.6,19.874,0.26,19:50:00
02-11-2024,04:16:16,29,29,28.9,31,31,30.8,1.9,948.7,30.6,16.7,16.69,16.6,19.957,0.26,19:55:00
02-11-2024,04:21:16,28.9,28.9,28.8,31,30.9,30.8,2,948.7,30.6,16.7,16.68,16.6,20.04,0.26,20:00:00
02-11-2024,04:26:16,28.8,28.8,28.7,31,30.9,30.8,2.1,948.7,30.6,16.7,16.69,16.6,20.124,0.26,20:05:00
02-11-2024,04:31:16,28.8,28.7,28.6,30.9,30.9,30.8,2.1,948.7,30.6,16.7,16.69,16.6,20.207,0.26,20:10:00
02-11-2024,04:36:16,28.7,28.7,28.6,30.9,30.8,30.8,2.1,948.7,30.6,16.7,16.7,16.6,20.291,0.26,20:15:00
02-11-2024,04:41:16,28.8,28.7,28.7,31,30.9,30.8,2.1,948.7,30.6,16.7,16.68,16.6,20.374,0.26,20:20:00
02-11-2024,04:46:16,28.8,28.7,28.7,30.9,30.8,30.7,2,948.7,30.6,16.7,16.68,16.6,20.457,0.26,20:25:00
02-11-2024,04:51:16,28.8,28.8,28.7,30.9,30.8,30.8,2,948.7,30.6,16.7,16.68,16.6,20.541,0.26,20:30:00
02-11-2024,04:56:16,28.8,28.8,28.7,30.9,30.8,30.7,2,948.7,30.6,16.7,16.68,16.6,20.624,0.26,20:35:00
02-11-2024,05:01:16,28.8,28.8,28.7,30.9,30.8,30.7,2,948.7,30.6,16.7,16.68,16.6,20.707,0.26,20:40:00
02-11-2024,05:06:16,28.8,28.8,28.7,30.8,30.7,30.7,1.9,948.7,30.6,16.7,16.68,16.6,20.791,0.26,20:45:00
02-11-2024,05:11:16,28.8,28.7,28.7,30.8,30.7,30.6,1.9,948.7,30.6,16.7,16.68,16.6,20.874,0.26,20:50:00
02-11-2024,05:16:16,28.7,28.7,28.6,30.8,30.7,30.6,2,948.7,30.6,16.7,16.68,16.6,20.957,0.26,20:55:00
02-11-2024,05:21:16,28.7,28.6,28.6,30.6,30.6,30.5,1.9,948.7,30.6,16.7,16.68,16.6,21.04,0.25,21:00:00
02-11-2024,05:26:16,28.6,28.6,28.5,30.7,30.6,30.5,2,948.7,30.6,16.7,16.67,16.6,21.124,0.26,21:05:00
02-11-2024,05:31:16,28.6,28.5,28.5,30.9,30.8,30.7,2.2,948.7,30.6,16.7,16.66,16.6,21.207,0.26,21:10:00
02-11-2024,05:36:16,28.6,28.5,28.5,30.9,30.8,30.7,2.2,948.8,30.6,16.7,16.66,16.6,21.29,0.25,21:15:00
Residual Sample:,04:31,,,,,,,,,,,,,,,
02-11-2024,05:56:34,0,28.5,0,0,30.8,0,2.2,0,30.7,0,16.66,0,21.358,0.25,21:19:00
Machine Restart,,,,,,,,,,,,,,,,
02-11-2024,06:01:34,28.8,28.7,28.5,30.2,30.1,29.9,1.3,948.7,31.3,22.2,17.04,16.8,21.443,0.28,21:24:00
02-11-2024,06:06:34,28.7,28.6,28.5,30.1,30,29.9,1.4,948.8,30.6,16.8,16.71,16.6,21.527,0.28,21:29:00
02-11-2024,06:11:34,28.5,28.3,28.2,30,30,30,1.6,948.7,30.6,16.8,16.7,16.6,21.61,0.28,21:34:00
02-11-2024,06:16:34,28.2,28.1,28,30.1,30,30,1.9,948.8,30.6,16.7,16.62,16.5,21.694,0.28,21:39:00
02-11-2024,06:21:34,28,28,27.9,30.1,30.1,30,2,949.1,30.6,16.8,16.74,16.6,21.777,0.28,21:44:00
02-11-2024,06:26:34,28,27.9,27.9,30.1,30.1,30,2.1,948.8,30.6,16.7,16.7,16.6,21.861,0.28,21:49:00
02-11-2024,06:31:34,28,27.9,27.9,30.3,30.1,30,2.2,949.5,30.6,16.7,16.65,16.6,21.944,0.28,21:54:00
02-11-2024,06:36:34,28,28,27.9,30.3,30.2,30.2,2.2,949.2,30.6,16.7,16.64,16.6,22.027,0.28,21:59:00
02-11-2024,06:41:34,28,28,28,30.4,30.3,30.2,2.3,951.2,30.6,16.7,16.64,16.6,22.111,0.28,22:04:00
02-11-2024,06:46:34,28.1,28,28,30.5,30.4,30.3,2.3,951.2,30.6,16.8,16.76,16.6,22.194,0.28,22:09:00
02-11-2024,06:51:34,28.1,28.1,28,30.6,30.4,30.3,2.3,951.1,30.6,16.8,16.74,16.7,22.278,0.29,22:14:00
02-11-2024,06:56:34,28.2,28.1,28.1,30.7,30.6,30.5,2.4,951.8,30.6,16.7,16.72,16.7,22.362,0.28,22:19:00
02-11-2024,07:01:34,28.3,28.2,28.1,30.8,30.7,30.6,2.5,951.8,30.6,16.7,16.7,16.6,22.445,0.28,22:24:00
02-11-2024,07:06:34,28.4,28.3,28.3,30.9,30.8,30.7,2.4,951.7,30.6,16.7,16.68,16.6,22.529,0.28,22:29:00
02-11-2024,07:11:34,28.5,28.5,28.4,31.1,30.9,30.8,2.4,951.8,30.6,16.7,16.65,16.6,22.612,0.28,22:34:00
02-11-2024,07:16:34,28.7,28.6,28.5,31.2,31.1,31,2.5,951.8,30.6,16.7,16.63,16.6,22.695,0.28,22:39:00
02-11-2024,07:21:34,28.8,28.7,28.6,31.4,31.3,31.2,2.5,951.8,30.6,16.7,16.64,16.6,22.779,0.28,22:44:00
02-11-2024,07:26:34,29,28.9,28.8,31.6,31.4,31.3,2.5,951.9,30.6,16.7,16.62,16.6,22.862,0.28,22:49:00
02-11-2024,07:31:34,29.1,29,28.9,31.7,31.6,31.5,2.5,951.8,30.6,16.6,16.6,16.6,22.945,0.29,22:54:00
02-11-2024,07:36:34,29.2,29.2,29.1,31.7,31.6,31.6,2.4,951.9,30.6,16.7,16.62,16.6,23.028,0.29,22:59:00
02-11-2024,07:41:34,29.4,29.3,29.2,31.9,31.8,31.6,2.4,951.9,30.6,16.7,16.7,16.6,23.111,0.29,23:04:00
02-11-2024,07:46:34,29.6,29.5,29.4,32.1,32,31.9,2.5,951.9,30.6,16.8,16.75,16.7,23.195,0.28,23:09:00
02-11-2024,07:51:34,29.8,29.7,29.6,32.2,32.1,32,2.4,951.9,30.6,16.7,16.74,16.7,23.279,0.29,23:14:00
02-11-2024,07:56:34,30.1,29.9,29.8,32.5,32.3,32.2,2.4,951.9,30.6,16.7,16.7,16.6,23.362,0.28,23:19:00
02-11-2024,08:01:34,30.3,30.2,30,32.8,32.7,32.5,2.4,951.9,30.6,16.7,16.69,16.6,23.446,0.29,23:24:00
02-11-2024,08:06:34,30.6,30.5,30.3,33.1,33,32.8,2.4,951.9,30.6,16.7,16.65,16.6,23.529,0.29,23:29:00
02-11-2024,08:11:34,31,30.8,30.6,33.3,33.2,33,2.4,951.9,30.6,16.7,16.63,16.6,23.612,0.29,23:34:00
02-11-2024,08:16:34,31.2,31.1,30.9,33.6,33.5,33.3,2.3,951.9,30.6,16.7,16.68,16.6,23.696,0.29,23:39:00
02-11-2024,08:21:34,31.6,31.4,31.2,33.9,33.7,33.6,2.3,951.9,30.7,16.8,16.71,16.6,23.779,0.29,23:44:00
02-11-2024,08:26:34,31.9,31.7,31.6,34.3,34.1,33.8,2.3,951.9,30.6,16.7,16.73,16.6,23.863,0.29,23:49:00
