Filter ID:,5442600,,LOCATION ID:,3,,,,,,,,,,,,
Date,Time,AT Max,AT Avg,AT Min,FT Max,FT Avg,FT Min,Diff Temp,BP,FP,FR Max,FR Avg,FR Min,Volume,CV,ET
dd/mm/yy,hh:mm:ss,Deg C,Deg C,Deg C,Deg C,Deg C,Deg C,Deg C,mbar,mmHg,Lpm,Lpm,Lpm,M3,%,HH:MM:SS
Machine Start at:,28-10-2024,8:06:22,,,,,,,,,,,,,,
28-10-2024,8:11:22,24,23.9,23.7,26.2,25.4,25.1,1.4,942.4,22.2,22.9,17.2,16.8,0.086,9.62,0:05:00
28-10-2024,8:16:22,24.2,24.1,24,25.6,25.4,25.2,1.3,942.4,21.2,16.8,16.71,16.6,0.169,2.02,0:10:00
28-10-2024,8:21:22,24.4,24.3,24.1,26.5,26,25.6,1.6,942.4,21.4,16.8,16.69,16.6,0.253,1.7,0:15:00
28-10-2024,8:26:22,24.7,24.6,24.4,27,26.7,26.3,2.1,942.4,21.6,16.8,16.67,16.6,0.336,1.51,0:20:00
28-10-2024,8:31:22,24.9,24.8,24.7,27.2,26.9,26.6,2.1,942.6,22,16.8,16.71,16.6,0.42,1.34,0:25:00
28-10-2024,8:36:22,25,24.9,24.8,27.8,27.4,26.7,2.4,942.8,22,16.7,16.63,16.5,0.503,1.27,0:30:00
28-10-2024,8:41:22,25.2,25.1,25,28.1,27.8,27.5,2.7,943.3,22.5,16.8,16.74,16.7,0.586,1.16,0:35:00
28-10-2024,8:46:22,25.4,25.3,25.1,28.5,28.2,27.9,2.9,942.9,22.1,16.6,16.6,16.5,0.669,1.13,0:40:00
28-10-2024,8:51:22,25.5,25.4,25.4,28.7,28.4,28,2.9,943.1,23.1,16.8,16.76,16.6,0.753,1.05,0:45:00
28-10-2024,8:56:22,25.7,25.6,25.5,28.6,28.4,28.2,2.8,944.6,23.2,16.7,16.7,16.6,0.837,1,0:50:00
28-10-2024,9:01:22,25.7,25.6,25.5,28.8,28.5,28.2,2.9,944,23.2,16.7,16.66,16.6,0.92,0.96,0:55:00
28-10-2024,9:06:22,26,25.8,25.7,29,28.8,28.6,2.9,944.6,22.7,16.6,16.58,16.5,1.003,0.95,1:00:00
28-10-2024,9:11:22,26.2,26.1,25.9,29,28.8,28.6,2.7,945.3,23.3,16.8,16.73,16.6,1.087,0.91,1:05:00
28-10-2024,9:16:22,26.3,26.2,26.1,29,28.8,28.5,2.5,945.3,23.4,16.8,16.8,16.7,1.171,0.88,1:10:00
28-10-2024,9:21:22,26.7,26.5,26.3,29.3,29.1,28.9,2.6,944.4,23.3,16.8,16.76,16.7,1.255,0.85,1:15:00
28-10-2024,9:26:22,27,26.8,26.6,29.4,29,28.9,2.2,945.3,23.3,16.7,16.71,16.6,1.338,0.82,1:20:00
28-10-2024,9:31:22,27.3,27.1,27,29.6,29.2,28.8,2,945.4,23.3,16.7,16.67,16.6,1.421,0.8,1:25:00
Residual Sample:,2:55,,,,,,,,,,,,,,,
28-10-2024,9:37:58,0,27.1,0,0,29.2,0,2,0,23.1,0,16.64,0,1.456,0.8,1:27:00
Machine Restart,,,,,,,,,,,,,,,,
28-10-2024,9:42:58,27.6,27.4,27,29.4,29.2,28.9,1.8,944.2,23.6,20.5,16.88,16.7,1.54,0.8,1:32:00
28-10-2024,9:47:58,27.8,27.7,27.6,29.4,29.1,28.8,1.4,945.2,23.4,16.8,16.71,16.6,1.624,0.78,1:37:00
28-10-2024,9:52:58,27.9,27.8,27.7,29.6,29.4,29,1.5,945.2,23.3,16.8,16.68,16.6,1.707,0.76,1:42:00
28-10-2024,9:57:58,28.3,28.1,27.9,29.9,29.6,29.5,1.5,945.3,23.3,16.7,16.66,16.6,1.791,0.75,1:47:00
28-10-2024,10:02:58,28.5,28.4,28.3,30,29.7,29.3,1.2,945.4,23.3,16.7,16.63,16.5,1.874,0.74,1:52:00
28-10-2024,10:07:58,28.5,28.4,28.3,30,29.6,29.3,1.1,945.3,23.4,16.8,16.77,16.7,1.958,0.73,1:57:00
28-10-2024,10:12:58,28.8,28.6,28.5,30.3,29.9,29.7,1.3,945.4,23.4,16.7,16.7,16.6,2.041,0.71,2:02:00
28-10-2024,10:17:58,28.9,28.8,28.7,30.3,30.1,29.7,1.2,945.4,23.4,16.7,16.64,16.6,2.125,0.7,2:07:00
28-10-2024,10:22:58,29,29,28.9,30.6,30.3,30,1.3,945.4,23.4,16.6,16.61,16.5,2.208,0.7,2:12:00
28-10-2024,10:27:58,29.4,29.2,29,31.1,30.7,30.2,1.5,945.3,23.4,16.7,16.58,16.5,2.291,0.71,2:17:00
28-10-2024,10:32:58,29.4,29.4,29.3,30.6,30.5,30.2,1,945.4,23.4,16.8,16.79,16.6,2.375,0.7,2:22:00
28-10-2024,10:37:58,29.7,29.5,29.4,31.4,30.9,30.5,1.3,945.3,23.4,16.7,16.72,16.7,2.458,0.69,2:27:00
28-10-2024,10:42:58,29.8,29.7,29.7,31.1,30.9,30.6,1.1,945.3,23.4,16.7,16.67,16.6,2.542,0.68,2:32:00
28-10-2024,10:47:58,30,29.9,29.7,31.3,31.1,31,1.2,945.3,23.4,16.7,16.65,16.6,2.625,0.67,2:37:00
28-10-2024,10:52:58,30.1,30,29.9,31.6,31.1,30.7,1,945.3,23.4,16.6,16.61,16.6,2.708,0.67,2:42:00
28-10-2024,10:57:58,30.3,30.2,30.1,31.6,31.4,31.2,1.1,944.6,23.4,16.6,16.58,16.5,2.791,0.67,2:47:00
28-10-2024,11:02:58,30.5,30.4,30.3,31.7,31.4,31.2,1,944.7,23.4,16.8,16.66,16.6,2.874,0.66,2:52:00
28-10-2024,11:07:58,30.8,30.6,30.5,31.8,31.7,31.4,1,944.7,23.4,16.8,16.77,16.7,2.958,0.65,2:57:00
28-10-2024,11:12:58,30.9,30.8,30.7,32.3,31.9,31.6,1,945.3,23.4,16.7,16.72,16.7,3.042,0.64,3:02:00
28-10-2024,11:17:58,31.1,31,30.9,32.3,32.1,31.9,1,944.4,23.4,16.7,16.69,16.6,3.125,0.63,3:07:00
28-10-2024,11:22:58,31.3,31.2,31.1,32.4,32.2,32,0.9,943,23.4,16.7,16.66,16.6,3.209,0.63,3:12:00
28-10-2024,11:27:58,31.5,31.4,31.3,32.6,32.4,32.2,0.9,944.5,23.4,16.6,16.59,16.5,3.292,0.63,3:17:00
28-10-2024,11:32:58,31.6,31.5,31.4,32.5,32.3,32,0.7,943.8,23.6,16.8,16.64,16.6,3.375,0.62,3:22:00
28-10-2024,11:37:58,31.5,31.4,31.3,32.8,32.3,32.1,0.9,943.6,23.7,16.8,16.65,16.6,3.458,0.61,3:27:00
28-10-2024,11:42:58,31.8,31.7,31.5,32.9,32.7,32.6,1,942.4,23.8,16.8,16.75,16.6,3.542,0.61,3:32:00
28-10-2024,11:47:58,32.3,32,31.8,33.5,33.1,32.8,1.1,942.8,23.7,16.8,16.75,16.7,3.626,0.6,3:37:00
28-10-2024,11:52:58,32.6,32.4,32.3,33.4,33.2,33,0.7,942.4,23.6,16.7,16.67,16.6,3.709,0.6,3:42:00
28-10-2024,11:57:58,32.8,32.7,32.6,33.8,33.5,33.2,0.7,942.5,23.5,16.6,16.62,16.6,3.792,0.59,3:47:00
28-10-2024,12:02:58,33,32.9,32.8,34.1,33.8,33.3,0.9,942.6,23.6,16.7,16.61,16.5,3.875,0.59,3:52:00
28-10-2024,12:07:58,33.2,33.1,33,34.2,34,33.8,0.8,942.5,24.6,16.8,16.77,16.7,3.959,0.59,3:57:00
28-10-2024,12:12:58,33.2,33.2,33.1,34.4,34.1,33.8,0.9,942.4,24.4,16.7,16.72,16.7,4.043,0.58,4:02:00
28-10-2024,12:17:58,33.4,33.3,33.2,34.6,34.3,34,0.9,942.4,24.5,16.7,16.65,16.6,4.126,0.58,4:07:00
28-10-2024,12:22:58,33.6,33.5,33.3,34.7,34.5,34.3,0.9,942.4,24.2,16.6,16.61,16.6,4.209,0.58,4:12:00
28-10-2024,12:27:58,33.9,33.8,33.6,34.8,34.6,34.4,0.7,942.4,24.2,16.6,16.56,16.5,4.292,0.58,4:17:00
28-10-2024,12:32:58,34.1,33.9,33.8,35,34.7,34.5,0.7,942.4,24.3,16.8,16.66,16.6,4.375,0.58,4:22:00
28-10-2024,12:37:58,34.1,34,33.8,34.9,34.7,34.5,0.7,942.4,25.1,16.8,16.75,16.7,4.459,0.57,4:27:00
28-10-2024,12:42:58,33.9,33.9,33.8,35.1,34.7,34.4,0.8,942.4,25,16.7,16.71,16.7,4.542,0.57,4:32:00
28-10-2024,12:47:58,33.8,33.7,33.6,34.6,34.4,34.3,0.7,942.4,25.3,16.7,16.68,16.6,4.626,0.56,4:37:00
28-10-2024,12:52:58,33.7,33.6,33.6,34.6,34.4,34.3,0.8,942.4,25.3,16.7,16.68,16.6,4.709,0.56,4:42:00
28-10-2024,12:57:58,34,33.9,33.7,35,34.8,34.5,0.9,942.4,25.6,16.7,16.68,16.6,4.793,0.55,4:47:00
28-10-2024,13:02:58,34.5,34.2,34,35.5,35.2,34.9,0.9,942.4,25.9,16.7,16.67,16.6,4.876,0.55,4:52:00
28-10-2024,13:07:58,34.7,34.6,34.4,35.5,35.3,35.1,0.6,942.4,25.9,16.7,16.65,16.6,4.959,0.55,4:57:00
28-10-2024,13:12:58,34.7,34.7,34.6,35.7,35.5,35.3,0.8,942.3,25.7,16.6,16.6,16.5,5.042,0.54,5:02:00
28-10-2024,13:17:58,34.7,34.6,34.5,35.5,35.4,35.2,0.7,942.3,26,16.8,16.7,16.6,5.126,0.54,5:07:00
28-10-2024,13:22:58,34.6,34.6,34.5,35.4,35.2,35,0.6,942.3,26.1,16.8,16.75,16.7,5.21,0.54,5:12:00
28-10-2024,13:27:58,34.6,34.6,34.5,35.5,35.3,34.9,0.7,942.3,26.1,16.8,16.75,16.7,5.294,0.54,5:17:00
28-10-2024,13:32:58,34.6,34.5,34.3,35.4,35.3,35,0.8,942.3,26.1,16.7,16.74,16.7,5.377,0.53,5:22:00
28-10-2024,13:37:58,34.3,34.3,34.2,35.4,35.2,35,0.9,942.3,26.1,16.7,16.71,16.7,5.461,0.53,5:27:00
28-10-2024,13:42:58,34.4,34.4,34.3,35.5,35.3,35.1,0.9,942.3,26.1,16.7,16.68,16.6,5.544,0.53,5:32:00
28-10-2024,13:47:58,34.6,34.5,34.4,35.7,35.5,35.2,0.9,942.3,26.1,16.7,16.66,16.6,5.628,0.52,5:37:00
28-10-2024,13:52:58,34.8,34.7,34.6,35.8,35.6,35.3,0.9,942.3,26.1,16.7,16.64,16.6,5.711,0.52,5:42:00
28-10-2024,13:57:58,34.7,34.6,34.4,35.5,35.3,35.2,0.7,942.3,26.1,16.6,16.6,16.5,5.794,0.52,5:47:00
28-10-2024,14:02:58,34.5,34.4,34.3,35.8,35.3,35,0.9,942.3,26.1,16.6,16.61,16.6,5.877,0.52,5:52:00
28-10-2024,14:07:58,34.4,34.2,34,35.4,35.1,34.8,0.8,942.3,26.1,16.6,16.6,16.5,5.96,0.52,5:57:00
28-10-2024,14:12:58,34,33.9,33.7,35.1,34.8,34.5,0.9,942.3,26.1,16.6,16.6,16.5,6.043,0.52,6:02:00
28-10-2024,14:17:58,33.7,33.6,33.5,34.8,34.5,34.3,0.8,942.3,26.1,16.6,16.61,16.6,6.126,0.52,6:07:00
28-10-2024,14:22:58,33.7,33.5,33.5,34.8,34.5,34.4,0.9,942.3,26.1,16.6,16.63,16.6,6.209,0.52,6:12:00
28-10-2024,14:27:58,34.1,33.9,33.6,35.8,35.3,34.8,1.3,942.3,26.1,16.7,16.65,16.6,6.292,0.52,6:17:00
28-10-2024,14:32:58,34.7,34.5,34.1,36,35.7,35.5,1.2,942.3,26.1,16.7,16.67,16.6,6.376,0.51,6:22:00
28-10-2024,14:37:58,34.9,34.8,34.7,35.9,35.7,35.5,0.9,942.3,26.1,16.7,16.64,16.6,6.459,0.51,6:27:00
28-10-2024,14:42:58,34.9,34.8,34.7,35.8,35.5,35.4,0.7,942.3,26.1,16.6,16.6,16.5,6.542,0.51,6:32:00
28-10-2024,14:47:58,34.9,34.7,34.5,35.5,35.4,35.1,0.6,942.3,26.1,16.6,16.58,16.5,6.625,0.51,6:37:00
28-10-2024,14:52:58,34.5,34.4,34.4,35.5,35.3,35.2,0.8,942.3,26.1,16.8,16.66,16.6,6.708,0.51,6:42:00
28-10-2024,14:57:58,34.5,34.4,34.4,35.4,35.2,35,0.7,942.2,26.1,16.8,16.78,16.7,6.792,0.51,6:47:00
28-10-2024,15:02:58,34.5,34.4,34.3,35.7,35.4,35,0.9,942.3,26.1,16.8,16.75,16.7,6.876,0.51,6:52:00
28-10-2024,15:07:58,34.6,34.5,34.4,35.7,35.4,35.1,0.8,942.3,26.1,16.8,16.77,16.7,6.96,0.51,6:57:00
28-10-2024,15:12:58,34.5,34.5,34.4,35.6,35.4,35.3,0.9,942.3,26.1,16.8,16.76,16.7,7.044,0.51,7:02:00
28-10-2024,15:17:58,34.9,34.6,34.5,36.3,35.8,35.3,1.1,942.3,26.1,16.8,16.74,16.7,7.127,0.51,7:07:00
28-10-2024,15:22:58,35.2,35.1,34.8,36.6,36.3,36.1,1.2,942.3,26.1,16.7,16.72,16.7,7.211,0.5,7:12:00
28-10-2024,15:27:58,35.3,35.2,35.2,36.4,36.1,35.8,0.8,942.3,26.1,16.7,16.68,16.6,7.294,0.5,7:17:00
28-10-2024,15:32:58,35.3,35.3,35.2,36.3,36.1,35.8,0.7,942.2,26.1,16.7,16.66,16.6,7.378,0.5,7:22:00
28-10-2024,15:37:58,35.3,35.1,35,36.3,35.8,35.5,0.6,942.3,26.1,16.6,16.62,16.6,7.461,0.5,7:27:00
28-10-2024,15:42:58,35,34.8,34.7,35.8,35.7,35.5,0.8,942.3,26.1,16.7,16.6,16.5,7.544,0.5,7:32:00
28-10-2024,15:47:58,34.7,34.6,34.4,35.7,35.5,35.3,0.8,942.3,26.1,16.7,16.61,16.6,7.627,0.5,7:37:00
28-10-2024,15:52:58,34.6,34.6,34.4,35.9,35.6,35.2,1,942.3,26.1,16.6,16.62,16.6,7.71,0.5,7:42:00
28-10-2024,15:57:58,34.8,34.7,34.6,36,35.6,35.2,0.8,942.2,26.1,16.6,16.63,16.6,7.793,0.5,7:47:00
28-10-2024,16:02:58,34.8,34.6,34.5,35.8,35.5,35.2,0.8,942.2,26.1,16.7,16.61,16.6,7.876,0.5,7:52:00
28-10-2024,16:07:58,34.7,34.6,34.6,35.5,35.4,35.2,0.7,942.1,26.2,16.7,16.65,16.6,7.959,0.49,7:57:00
28-10-2024,16:12:58,34.8,34.7,34.6,36,35.5,35.3,0.8,942.3,26.2,16.6,16.61,16.6,8.043,0.49,8:02:00
28-10-2024,16:17:58,34.8,34.8,34.7,35.9,35.4,35.2,0.6,942.3,26.2,16.7,16.6,16.6,8.126,0.49,8:07:00
28-10-2024,16:22:58,34.9,34.9,34.8,35.9,35.5,35.3,0.6,942.3,26.2,16.7,16.62,16.6,8.209,0.49,8:12:00
28-10-2024,16:27:58,35,34.9,34.8,36.1,35.8,35.4,0.8,942.3,26.5,16.8,16.7,16.6,8.292,0.49,8:17:00
28-10-2024,16:32:58,35,35,34.9,36.1,35.7,35.5,0.6,942.3,26.4,16.7,16.66,16.6,8.376,0.48,8:22:00
28-10-2024,16:37:58,34.9,34.8,34.8,36.2,35.8,35.4,0.9,942.3,26.5,16.6,16.6,16.6,8.459,0.48,8:27:00
28-10-2024,16:42:58,35,35,34.9,36.2,36,35.8,1,942.3,26.3,16.6,16.62,16.6,8.542,0.48,8:32:00
28-10-2024,16:47:58,35,34.9,34.8,36.1,35.8,35.5,0.8,942.3,26.4,16.6,16.62,16.6,8.625,0.48,8:37:00
28-10-2024,16:52:58,34.8,34.8,34.7,35.9,35.8,35.5,0.9,942.3,26.2,16.7,16.62,16.6,8.708,0.48,8:42:00
28-10-2024,16:57:58,34.8,34.6,34.5,36.1,35.8,35.4,1.1,942.3,26.4,16.7,16.61,16.5,8.791,0.48,8:47:00
28-10-2024,17:02:58,34.6,34.5,34.5,36.1,35.9,35.6,1.3,942.3,26.6,16.7,16.63,16.6,8.874,0.48,8:52:00
28-10-2024,17:07:58,34.5,34.4,34.4,36.1,35.8,35.4,1.3,942.3,26.6,16.6,16.63,16.6,8.958,0.48,8:57:00
28-10-2024,17:12:58,34.5,34.3,34.2,35.9,35.6,35.4,1.3,942.3,26.6,16.7,16.59,16.5,9.041,0.48,9:02:00
28-10-2024,17:17:58,34.3,34.2,34,35.7,35.4,34.9,1.2,942.3,26.7,16.6,16.6,16.5,9.124,0.48,9:07:00
28-10-2024,17:22:58,34,33.9,33.7,35.4,35,34.7,1.1,942.3,26.8,16.6,16.58,16.5,9.206,0.48,9:12:00
28-10-2024,17:27:58,33.8,33.7,33.6,35.5,35.2,35.1,1.5,942.3,26.9,16.6,16.59,16.5,9.289,0.48,9:17:00
28-10-2024,17:32:58,33.6,33.5,33.4,35.2,34.7,34.2,1.2,942.3,27.1,16.7,16.62,16.6,9.373,0.48,9:22:00
28-10-2024,17:37:58,33.4,33.2,33.1,35.1,34.8,34.6,1.5,942.3,27.4,16.7,16.68,16.6,9.456,0.47,9:27:00
28-10-2024,17:42:58,33.2,33,32.9,35,34.8,34.6,1.7,942.3,27.4,16.7,16.69,16.6,9.539,0.47,9:32:00
28-10-2024,17:47:58,33,32.9,32.8,35,34.6,34.1,1.7,942.3,27.6,16.8,16.74,16.7,9.623,0.47,9:37:00
28-10-2024,17:52:58,32.9,32.7,32.6,34.4,34,33.8,1.3,942.3,27.5,16.8,16.73,16.7,9.707,0.47,9:42:00
28-10-2024,17:57:58,32.6,32.5,32.4,34.5,34.2,33.9,1.7,942.3,27.6,16.8,16.74,16.7,9.791,0.47,9:47:00
28-10-2024,18:02:58,32.5,32.4,32.3,34.3,34.1,33.9,1.7,942.3,27.8,16.8,16.73,16.6,9.874,0.47,9:52:00
28-10-2024,18:07:58,32.4,32.3,32.2,34.4,34.2,33.8,1.8,942.3,27.4,16.7,16.61,16.5,9.957,0.47,9:57:00
28-10-2024,18:12:58,32.2,32.2,32.1,34.2,34,33.7,1.8,942.3,27.5,16.7,16.62,16.6,10.04,0.47,10:02:00
28-10-2024,18:17:58,32.2,32.1,32.1,34.1,33.6,33,1.5,942.3,27.7,16.7,16.62,16.6,10.124,0.47,10:07:00
28-10-2024,18:22:58,32.1,32,31.9,33.7,33.4,33.2,1.4,942.3,27.6,16.7,16.64,16.6,10.207,0.47,10:12:00
28-10-2024,18:27:58,32,31.9,31.8,33.8,33.5,33,1.6,942.3,27.7,16.7,16.61,16.6,10.29,0.47,10:17:00
28-10-2024,18:32:58,31.8,31.8,31.7,33.6,33.4,33.1,1.5,942.3,27.8,16.6,16.62,16.6,10.373,0.46,10:22:00
28-10-2024,18:37:58,31.7,31.7,31.6,33.7,33.4,32.9,1.7,942.3,28.6,16.7,16.66,16.6,10.456,0.46,10:27:00
28-10-2024,18:42:58,31.6,31.5,31.4,33,32.7,32.2,1.1,942.3,28.5,16.7,16.66,16.6,10.54,0.46,10:32:00
28-10-2024,18:47:58,31.5,31.4,31.4,33,32.7,32.2,1.2,942.3,28.8,16.7,16.66,16.6,10.623,0.46,10:37:00
28-10-2024,18:52:58,31.4,31.3,31.3,33.1,32.8,32.6,1.5,942.3,28.8,16.7,16.7,16.6,10.707,0.46,10:42:00
28-10-2024,18:57:58,31.3,31.3,31.2,33.2,32.7,32.3,1.4,942.3,28.9,16.7,16.73,16.7,10.79,0.45,10:47:00
28-10-2024,19:02:58,31.3,31.2,31.1,32.7,32.1,31.6,0.9,942.3,28.9,16.7,16.73,16.7,10.874,0.45,10:52:00
28-10-2024,19:07:58,31.1,31,30.9,32.1,31.7,31.4,0.7,942.3,28.9,16.7,16.72,16.7,10.958,0.45,10:57:00
28-10-2024,19:12:58,30.9,30.8,30.7,31.8,31.5,31.4,0.7,942.3,28.9,16.8,16.74,16.7,11.041,0.45,11:02:00
28-10-2024,19:17:58,30.7,30.6,30.6,31.5,31.4,31.2,0.7,942.3,28.9,16.8,16.78,16.7,11.125,0.45,11:07:00
28-10-2024,19:22:58,30.6,30.5,30.4,31.9,31.4,31.1,0.9,942.3,29,16.8,16.76,16.6,11.209,0.46,11:12:00
28-10-2024,19:27:58,30.5,30.4,30.3,31.3,31.1,31,0.7,942.3,28.9,16.6,16.63,16.6,11.292,0.45,11:17:00
28-10-2024,19:32:58,30.3,30.3,30.2,31.3,31.1,30.9,0.7,942.3,28.9,16.7,16.64,16.6,11.376,0.45,11:22:00
28-10-2024,19:37:58,30.2,30.2,30.1,31.2,31,30.8,0.7,942.3,28.9,16.7,16.66,16.6,11.459,0.45,11:27:00
28-10-2024,19:42:58,30.1,30.1,30,31,30.8,30.7,0.7,942.3,28.9,16.7,16.69,16.6,11.543,0.45,11:32:00
28-10-2024,19:47:58,30.1,30,29.9,31.8,31.4,30.8,1.4,942.3,28.9,16.7,16.71,16.7,11.626,0.45,11:37:00
28-10-2024,19:52:58,30,29.9,29.9,31.9,31.7,31.3,1.7,942.4,29,16.8,16.74,16.7,11.71,0.44,11:42:00
28-10-2024,19:57:58,29.9,29.8,29.7,31.8,31.3,30.9,1.5,942.4,29.3,16.8,16.78,16.7,11.794,0.45,11:47:00
28-10-2024,20:02:58,29.7,29.6,29.5,31,30.8,30.7,1.2,942.4,29,16.8,16.7,16.6,11.877,0.44,11:52:00
28-10-2024,20:07:58,29.5,29.4,29.3,30.7,30.6,30.3,1.1,942.4,28.9,16.7,16.66,16.6,11.961,0.44,11:57:00
28-10-2024,20:12:58,29.4,29.2,29.1,30.5,30.3,30.1,1.1,942.4,28.9,16.7,16.7,16.6,12.044,0.44,12:02:00
28-10-2024,20:17:58,29.1,29,28.8,30.3,30.1,29.9,1.1,942.4,28.9,16.8,16.74,16.7,12.128,0.44,12:07:00
28-10-2024,20:22:58,28.9,28.8,28.7,30.3,30.1,29.9,1.2,942.4,28.3,16.8,16.7,16.6,12.211,0.44,12:12:00
28-10-2024,20:27:58,28.7,28.6,28.6,30.3,29.9,29.7,1.2,942.4,27.3,16.7,16.66,16.6,12.295,0.44,12:17:00
28-10-2024,20:32:58,28.6,28.5,28.4,29.9,29.7,29.5,1.1,942.4,26.7,16.7,16.69,16.6,12.378,0.43,12:22:00
28-10-2024,20:37:58,28.5,28.4,28.3,29.9,29.6,29.5,1.2,942.4,26.2,16.7,16.71,16.7,12.462,0.43,12:27:00
28-10-2024,20:42:58,28.4,28.3,28.2,29.6,29.4,29.3,1.1,942.4,26.2,16.8,16.76,16.7,12.546,0.43,12:32:00
28-10-2024,20:47:58,28.2,28.2,28.1,29.5,29.3,29.1,1.1,942.9,26.1,16.8,16.77,16.7,12.63,0.43,12:37:00
28-10-2024,20:52:58,28.1,28,27.9,29.2,29.1,29,1,942.6,26.1,16.8,16.77,16.6,12.714,0.43,12:42:00
28-10-2024,20:57:58,28,27.9,27.8,29.2,29,28.9,1.1,942.4,26.1,16.7,16.64,16.6,12.797,0.43,12:47:00
28-10-2024,21:02:58,27.9,27.8,27.8,29.3,29,28.8,1.2,942.4,26.1,16.7,16.66,16.6,12.88,0.43,12:52:00
28-10-2024,21:07:58,27.8,27.8,27.7,29.2,29,28.8,1.2,942.4,26.1,16.7,16.66,16.6,12.963,0.43,12:57:00
28-10-2024,21:12:58,27.8,27.7,27.6,29,28.8,28.7,1.1,942.5,26.1,16.7,16.68,16.6,13.047,0.43,13:02:00
28-10-2024,21:17:58,27.6,27.5,27.5,29,28.7,28.6,1.2,943.1,26.1,16.7,16.68,16.6,13.13,0.43,13:07:00
28-10-2024,21:22:58,27.5,27.5,27.4,28.7,28.6,28.4,1,942.5,26.1,16.7,16.71,16.6,13.214,0.43,13:12:00
28-10-2024,21:27:58,27.5,27.4,27.4,28.7,28.6,28.5,1.1,942.9,26.1,16.7,16.7,16.6,13.298,0.42,13:17:00
28-10-2024,21:32:58,27.5,27.4,27.4,28.6,28.4,28.3,0.9,942.4,26.1,16.7,16.72,16.7,13.381,0.42,13:22:00
28-10-2024,21:37:58,27.4,27.3,27.3,28.6,28.4,28.3,1,942.4,26,16.7,16.73,16.7,13.465,0.42,13:27:00
28-10-2024,21:42:58,27.4,27.3,27.3,28.6,28.5,28.3,1.2,942.4,25.9,16.7,16.73,16.7,13.549,0.42,13:32:00
28-10-2024,21:47:58,27.4,27.3,27.3,28.9,28.7,28.5,1.3,942.4,25.8,16.8,16.74,16.7,13.632,0.42,13:37:00
28-10-2024,21:52:58,27.4,27.3,27.3,28.7,28.5,28.3,1.1,942.4,25.9,16.7,16.72,16.7,13.716,0.42,13:42:00
28-10-2024,21:57:58,27.3,27.3,27.2,28.6,28.3,28.1,1,942.5,26,16.7,16.73,16.7,13.8,0.42,13:47:00
28-10-2024,22:02:58,27.2,27.1,27,28.4,28.2,28.1,1,942.4,26.1,16.8,16.74,16.7,13.883,0.42,13:52:00
28-10-2024,22:07:58,27.1,27,27,28.5,28.2,28.1,1.1,942.4,25.9,16.8,16.74,16.7,13.967,0.42,13:57:00
28-10-2024,22:12:58,27.1,27,27,28.5,28.3,28.1,1.2,942.4,26,16.7,16.73,16.7,14.051,0.42,14:02:00
28-10-2024,22:17:58,27.1,27,27,28.4,28.2,28,1.1,942.4,26.1,16.7,16.74,16.7,14.135,0.41,14:07:00
28-10-2024,22:22:58,27,27,26.9,28.2,28.1,27.9,1,942.4,26.1,16.8,16.74,16.7,14.218,0.41,14:12:00
28-10-2024,22:27:58,27,26.9,26.8,28.2,28,27.8,1.1,942.4,26.1,16.8,16.75,16.7,14.302,0.41,14:17:00
28-10-2024,22:32:58,26.9,26.9,26.8,28.2,28,27.9,1.1,942.4,26.1,16.8,16.75,16.7,14.386,0.41,14:22:00
28-10-2024,22:37:58,26.9,26.8,26.7,28.1,27.9,27.8,1.1,942.4,26.1,16.8,16.76,16.7,14.47,0.41,14:27:00
28-10-2024,22:42:58,26.8,26.7,26.6,28.2,28,27.8,1.3,942.4,26.1,16.8,16.8,16.7,14.554,0.42,14:32:00
28-10-2024,22:47:58,26.7,26.7,26.6,28.3,28,27.9,1.3,942.4,26.1,16.8,16.8,16.7,14.638,0.42,14:37:00
28-10-2024,22:52:58,26.7,26.7,26.6,27.9,27.8,27.8,1.1,942.4,26.1,16.8,16.78,16.7,14.722,0.42,14:42:00
28-10-2024,22:57:58,26.7,26.6,26.6,27.9,27.7,27.5,1,942.4,26.1,16.8,16.8,16.7,14.806,0.42,14:47:00
28-10-2024,23:02:58,26.6,26.6,26.6,28,27.8,27.7,1.2,942.4,26.1,16.8,16.8,16.8,14.89,0.42,14:52:00
28-10-2024,23:07:58,26.6,26.6,26.6,28.1,27.8,27.7,1.2,942.4,26.1,16.8,16.8,16.7,14.974,0.43,14:57:00
28-10-2024,23:12:58,26.6,26.6,26.5,27.9,27.7,27.5,1,942.4,26.1,16.8,16.8,16.7,15.058,0.43,15:02:00
28-10-2024,23:17:58,26.6,26.5,26.5,27.7,27.6,27.4,1,942.4,26,16.8,16.7,16.6,15.141,0.43,15:07:00
28-10-2024,23:22:58,26.5,26.5,26.4,27.7,27.6,27.4,1.1,942.4,26,16.7,16.63,16.6,15.225,0.43,15:12:00
28-10-2024,23:27:58,26.5,26.4,26.4,27.8,27.6,27.4,1.1,942.4,26.1,16.7,16.64,16.6,15.308,0.42,15:17:00
28-10-2024,23:32:58,26.4,26.4,26.3,27.8,27.6,27.5,1.2,942.4,26,16.7,16.63,16.6,15.391,0.42,15:22:00
28-10-2024,23:37:58,26.4,26.3,26.3,27.6,27.4,27.2,1,942.4,26,16.7,16.63,16.6,15.474,0.42,15:27:00
28-10-2024,23:42:58,26.3,26.3,26.3,27.7,27.5,27.3,1.1,942.4,25.9,16.7,16.63,16.6,15.558,0.42,15:32:00
28-10-2024,23:47:58,26.3,26.3,26.2,27.7,27.6,27.4,1.2,942.4,26,16.6,16.62,16.6,15.641,0.42,15:37:00
28-10-2024,23:52:58,26.3,26.3,26.2,27.5,27.4,27.3,1,942.4,26.1,16.7,16.63,16.6,15.724,0.42,15:42:00
28-10-2024,23:57:58,26.3,26.2,26.2,27.6,27.4,27.3,1.1,942.4,26.1,16.7,16.63,16.6,15.807,0.42,15:47:00
29-10-2024,0:02:58,26.3,26.2,26.2,27.7,27.5,27.2,1.2,942.4,26.1,16.6,16.63,16.6,15.89,0.42,15:52:00
29-10-2024,0:07:58,26.2,26.2,26.1,27.8,27.6,27.3,1.4,942.4,26.1,16.7,16.63,16.6,15.974,0.42,15:57:00
29-10-2024,0:12:58,26.2,26.2,26.1,27.6,27.4,27.2,1.2,942.4,26.1,16.7,16.63,16.6,16.057,0.42,16:02:00
29-10-2024,0:17:58,26.2,26.2,26.2,27.5,27.4,27.3,1.2,942.4,26.1,16.7,16.63,16.6,16.14,0.42,16:07:00
29-10-2024,0:22:58,26.2,26.2,26.2,27.7,27.4,27.3,1.2,942.3,26.1,16.7,16.63,16.6,16.223,0.42,16:12:00
29-10-2024,0:27:58,26.2,26.2,26.2,27.9,27.7,27.5,1.4,942.3,26.1,16.7,16.62,16.6,16.306,0.42,16:17:00
29-10-2024,0:32:58,26.3,26.2,26.2,27.8,27.5,27.3,1.2,942.4,26.1,16.7,16.63,16.6,16.389,0.42,16:22:00
29-10-2024,0:37:58,26.2,26.2,26.2,28,27.7,27.4,1.4,942.4,26,16.7,16.63,16.6,16.472,0.42,16:27:00
29-10-2024,0:42:58,26.2,26.2,26.1,27.8,27.5,27.3,1.3,942.3,26.1,16.7,16.64,16.6,16.555,0.42,16:32:00
29-10-2024,0:47:58,26.2,26.1,26,27.5,27.4,27.1,1.3,942.4,26.1,16.7,16.64,16.6,16.638,0.42,16:37:00
29-10-2024,0:52:58,26.1,26,26,27.8,27.6,27.4,1.5,942.3,26.1,16.7,16.64,16.6,16.722,0.42,16:42:00
29-10-2024,0:57:58,26,26,25.9,27.8,27.5,27.3,1.5,942.3,26.1,16.7,16.65,16.6,16.805,0.42,16:47:00
29-10-2024,1:02:58,26,25.9,25.8,27.7,27.3,27,1.3,942.3,26.1,16.7,16.68,16.6,16.888,0.41,16:52:00
29-10-2024,1:07:58,25.9,25.8,25.8,27.5,27.4,27.1,1.5,942.3,26.1,16.8,16.8,16.7,16.972,0.42,16:57:00
29-10-2024,1:12:58,25.9,25.8,25.8,27.6,27.2,27.1,1.4,942.3,26.1,16.8,16.78,16.7,17.056,0.42,17:02:00
29-10-2024,1:17:58,25.9,25.8,25.8,27.4,27.2,27,1.3,942.3,26.1,16.8,16.79,16.7,17.14,0.42,17:07:00
29-10-2024,1:22:58,25.8,25.8,25.7,27.3,27,26.8,1.2,942.3,26.1,16.8,16.8,16.7,17.224,0.42,17:12:00
29-10-2024,1:27:58,25.8,25.7,25.7,27.1,27,26.8,1.2,942.3,26.1,16.7,16.61,16.6,17.307,0.42,17:17:00
29-10-2024,1:32:58,25.8,25.7,25.6,27.4,27.2,26.9,1.4,942.3,26.1,16.7,16.61,16.6,17.39,0.42,17:22:00
29-10-2024,1:37:58,25.7,25.6,25.5,27.2,27,26.8,1.4,942.3,26.1,16.7,16.63,16.6,17.473,0.42,17:27:00
29-10-2024,1:42:58,25.6,25.5,25.5,27.3,27.1,26.9,1.5,942.3,26.1,16.7,16.64,16.6,17.556,0.42,17:32:00
29-10-2024,1:47:58,25.6,25.5,25.5,27.2,27,26.9,1.4,942.3,26.1,16.7,16.63,16.6,17.64,0.42,17:37:00
29-10-2024,1:52:58,25.6,25.6,25.5,27.2,27,26.9,1.4,942.3,26.1,16.7,16.63,16.6,17.723,0.42,17:42:00
29-10-2024,1:57:58,25.6,25.6,25.5,27.3,27,26.7,1.3,942.3,26.1,16.7,16.62,16.6,17.806,0.42,17:47:00
29-10-2024,2:02:58,25.6,25.6,25.5,27.1,26.9,26.7,1.3,942.3,26.1,16.8,16.75,16.6,17.889,0.42,17:52:00
29-10-2024,2:07:58,25.6,25.5,25.5,27.2,27,26.8,1.4,942.3,26.1,16.8,16.77,16.7,17.973,0.42,17:57:00
29-10-2024,2:12:58,25.5,25.5,25.4,27.1,26.9,26.8,1.4,942.3,26.1,16.8,16.77,16.7,18.057,0.42,18:02:00
29-10-2024,2:17:58,25.5,25.5,25.4,27.3,27,26.8,1.5,942.3,26.1,16.8,16.76,16.7,18.141,0.42,18:07:00
29-10-2024,2:22:58,25.5,25.4,25.4,27.2,26.9,26.7,1.5,942.3,26.1,16.8,16.75,16.7,18.225,0.42,18:12:00
29-10-2024,2:27:58,25.4,25.4,25.4,27.2,27.1,26.8,1.6,942.3,26.1,16.8,16.76,16.7,18.309,0.42,18:17:00
29-10-2024,2:32:58,25.4,25.4,25.4,27.5,27.1,26.7,1.7,942.3,26.1,16.8,16.76,16.7,18.392,0.42,18:22:00
29-10-2024,2:37:58,25.5,25.4,25.4,27.5,27.3,27.1,1.8,942.3,26.1,16.8,16.76,16.7,18.476,0.42,18:27:00
29-10-2024,2:42:58,25.5,25.4,25.4,27.4,27.1,26.9,1.6,942.3,26.1,16.7,16.73,16.7,18.56,0.42,18:32:00
29-10-2024,2:47:58,25.5,25.4,25.4,27.3,27.1,26.9,1.6,942.3,26.1,16.7,16.7,16.6,18.644,0.42,18:37:00
29-10-2024,2:52:58,25.5,25.4,25.4,27.5,27.2,26.9,1.7,942.3,26.1,16.7,16.69,16.6,18.727,0.42,18:42:00
29-10-2024,2:57:58,25.5,25.5,25.4,27.6,27.4,27,1.9,942.3,26.1,16.7,16.69,16.6,18.811,0.42,18:47:00
29-10-2024,3:02:58,25.5,25.5,25.4,27.6,27.3,26.9,1.8,942.3,26.1,16.7,16.69,16.6,18.894,0.41,18:52:00
29-10-2024,3:07:58,25.5,25.5,25.4,27.9,27.6,26.9,2,942.3,26.1,16.7,16.69,16.6,18.978,0.42,18:57:00
29-10-2024,3:12:58,25.5,25.5,25.4,27.8,27.4,27.3,1.9,942.3,26.1,16.7,16.67,16.6,19.061,0.41,19:02:00
29-10-2024,3:17:58,25.6,25.5,25.5,27.8,27.4,27.1,1.9,942.3,26.1,16.7,16.63,16.6,19.144,0.41,19:07:00
29-10-2024,3:22:58,25.5,25.5,25.4,27.4,27.3,27,1.8,942.3,26.1,16.7,16.66,16.6,19.228,0.41,19:12:00
29-10-2024,3:27:58,25.5,25.4,25.3,27.5,27.1,26.7,1.6,942.3,26.1,16.7,16.66,16.6,19.311,0.41,19:17:00
29-10-2024,3:32:58,25.4,25.3,25.2,26.9,26.7,26.6,1.4,942.3,26.1,16.6,16.64,16.6,19.394,0.41,19:22:00
29-10-2024,3:37:58,25.2,25.2,25.1,27,26.9,26.7,1.7,942.3,26.1,16.7,16.67,16.6,19.477,0.41,19:27:00
29-10-2024,3:42:58,25.1,25,24.9,26.7,26.5,26.3,1.5,942.3,26.2,16.7,16.7,16.6,19.561,0.41,19:32:00
29-10-2024,3:47:58,25,24.9,24.8,26.9,26.7,26.4,1.7,942.3,26.2,16.7,16.73,16.7,19.645,0.41,19:37:00
29-10-2024,3:52:58,25,24.9,24.8,27.2,27,26.5,2,942.3,26.2,16.7,16.73,16.7,19.729,0.41,19:42:00
29-10-2024,3:57:58,25,24.9,24.9,26.9,26.7,26.3,1.7,942.3,26.2,16.7,16.72,16.7,19.812,0.41,19:47:00
29-10-2024,4:02:58,25,24.9,24.9,27,26.7,26.5,1.7,942.3,26.2,16.7,16.72,16.7,19.896,0.41,19:52:00
29-10-2024,4:07:58,25,25,24.9,27,26.7,26.5,1.7,942.3,26.3,16.7,16.71,16.7,19.979,0.41,19:57:00
29-10-2024,4:12:58,25,25,24.9,27,26.7,26.5,1.7,942.3,26.3,16.7,16.71,16.7,20.063,0.4,20:02:00
29-10-2024,4:17:58,25,24.9,24.9,26.8,26.5,26.3,1.5,942.3,26.4,16.7,16.72,16.7,20.147,0.4,20:07:00
29-10-2024,4:22:58,24.9,24.9,24.8,26.6,26.4,26.1,1.5,942.3,26.3,16.7,16.72,16.7,20.23,0.4,20:12:00
29-10-2024,4:27:58,24.9,24.8,24.7,26.3,26.1,25.9,1.2,942.3,26.5,16.7,16.73,16.7,20.314,0.4,20:17:00
29-10-2024,4:32:58,24.8,24.7,24.6,26.2,26,25.8,1.3,942.3,26.8,16.7,16.74,16.7,20.398,0.4,20:22:00
29-10-2024,4:37:58,24.7,24.6,24.6,26,25.9,25.8,1.3,942.3,26.8,16.8,16.76,16.7,20.482,0.4,20:27:00
29-10-2024,4:42:58,24.6,24.6,24.5,25.9,25.8,25.6,1.2,942.3,27.4,16.8,16.78,16.7,20.565,0.4,20:32:00
29-10-2024,4:47:58,24.5,24.4,24.3,25.8,25.6,25.5,1.1,942.3,27.5,16.8,16.78,16.7,20.649,0.4,20:37:00
29-10-2024,4:52:58,24.4,24.4,24.3,26,25.7,25.5,1.3,942.3,27.4,16.8,16.8,16.7,20.733,0.41,20:42:00
29-10-2024,4:57:58,24.4,24.3,24.2,25.6,25.4,25.3,1,942.3,27,16.7,16.65,16.6,20.816,0.41,20:47:00
29-10-2024,5:02:58,24.2,24.2,24.2,25.9,25.6,25.3,1.3,942.3,26.7,16.6,16.61,16.6,20.899,0.41,20:52:00
29-10-2024,5:07:58,24.3,24.2,24.2,25.9,25.7,25.5,1.5,942.3,26.5,16.6,16.62,16.6,20.983,0.41,20:57:00
29-10-2024,5:12:58,24.3,24.2,24.2,25.9,25.7,25.5,1.4,942.3,26.7,16.6,16.61,16.6,21.066,0.41,21:02:00
29-10-2024,5:17:58,24.3,24.2,24.2,26.1,25.7,25.4,1.4,942.3,27.2,16.6,16.61,16.6,21.149,0.41,21:07:00
29-10-2024,5:22:58,24.2,24.1,24.1,25.8,25.6,25.4,1.4,942.4,26.9,16.6,16.61,16.6,21.232,0.41,21:12:00
29-10-2024,5:27:58,24.2,24.1,24.1,25.8,25.7,25.4,1.5,942.3,26.9,16.6,16.61,16.6,21.315,0.41,21:17:00
29-10-2024,5:32:58,24.2,24.1,24,25.7,25.5,25.3,1.4,942.3,27.3,16.6,16.61,16.6,21.398,0.41,21:22:00
29-10-2024,5:37:58,24,24,24,25.5,25.4,25.2,1.3,942.3,27.4,16.6,16.61,16.6,21.481,0.41,21:27:00
29-10-2024,5:42:58,24,24,23.9,25.7,25.5,25.3,1.4,942.3,27.3,16.6,16.61,16.6,21.564,0.4,21:32:00
29-10-2024,5:47:58,24,23.9,23.9,25.5,25.4,25.2,1.4,942.3,27.1,16.6,16.63,16.6,21.647,0.41,21:37:00
29-10-2024,5:52:58,23.9,23.9,23.8,25.5,25.3,25.1,1.4,942.4,27.5,16.7,16.66,16.6,21.73,0.41,21:42:00
29-10-2024,5:57:58,23.9,23.8,23.8,25.4,25.2,25,1.3,942.3,27.4,16.7,16.64,16.6,21.813,0.4,21:47:00
29-10-2024,6:02:58,23.8,23.8,23.8,25.5,25.4,25,1.5,942.4,27.6,16.7,16.66,16.6,21.896,0.4,21:52:00
29-10-2024,6:07:58,23.8,23.8,23.7,25.7,25.4,25.1,1.6,942.3,27.6,16.7,16.66,16.6,21.98,0.4,21:57:00
29-10-2024,6:12:58,23.8,23.7,23.6,25.4,25.2,25,1.4,942.4,27.6,16.7,16.65,16.6,22.063,0.4,22:02:00
29-10-2024,6:17:58,23.7,23.6,23.5,25.2,25,24.8,1.4,942.4,27.6,16.7,16.67,16.6,22.146,0.4,22:07:00
29-10-2024,6:22:58,23.6,23.5,23.5,25.3,25.1,24.9,1.5,942.4,27.6,16.7,16.66,16.6,22.23,0.4,22:12:00
29-10-2024,6:27:58,23.5,23.5,23.5,25.1,25,24.8,1.5,942.3,27.7,16.7,16.67,16.6,22.313,0.4,22:17:00
29-10-2024,6:32:58,23.5,23.5,23.5,25.3,25.1,24.8,1.5,942.4,28.3,16.7,16.7,16.6,22.396,0.4,22:22:00
29-10-2024,6:37:58,23.5,23.5,23.4,25.4,25.1,24.7,1.6,942.4,28.6,16.7,16.72,16.7,22.48,0.4,22:27:00
29-10-2024,6:42:58,23.5,23.5,23.4,25,24.9,24.8,1.3,942.4,28.3,16.7,16.69,16.6,22.563,0.4,22:32:00
29-10-2024,6:47:58,23.5,23.5,23.4,25.3,25.1,24.9,1.6,942.4,28.7,16.7,16.69,16.6,22.647,0.4,22:37:00
29-10-2024,6:52:58,23.5,23.4,23.4,25.2,25,24.9,1.5,942.4,28.8,16.7,16.69,16.6,22.73,0.4,22:42:00
29-10-2024,6:57:58,23.5,23.5,23.4,25.3,25.1,24.8,1.5,942.4,28.9,16.7,16.68,16.6,22.814,0.4,22:47:00
29-10-2024,7:02:58,23.5,23.5,23.4,25.2,25,24.7,1.4,942.4,28.7,16.7,16.66,16.6,22.897,0.4,22:52:00
29-10-2024,7:07:58,23.5,23.5,23.4,25.4,25.1,24.8,1.5,942.4,28.8,16.7,16.66,16.6,22.98,0.4,22:57:00
29-10-2024,7:12:58,23.6,23.5,23.5,25.4,25.3,25,1.7,942.4,28.8,16.7,16.66,16.6,23.064,0.4,23:02:00
29-10-2024,7:17:58,23.6,23.6,23.5,25.8,25.3,25,1.7,942.4,28.9,16.7,16.66,16.6,23.147,0.4,23:07:00
Residual Sample:,3:53,,,,,,,,,,,,,,,
29-10-2024,7:25:56,0,23.6,0,0,25.3,0,1.7,0,28.9,0,16.66,0,23.198,0.4,23:10:00
Machine Restart,,,,,,,,,,,,,,,,
29-10-2024,7:30:55,23.7,23.6,23.2,25.7,25.3,25.1,1.7,942.9,29.3,20.4,16.89,16.7,23.283,0.4,23:15:00
29-10-2024,7:35:55,23.8,23.8,23.7,25.9,25.7,25.5,1.9,943.9,28.8,16.8,16.69,16.6,23.366,0.4,23:20:00
29-10-2024,7:40:55,23.9,23.8,23.8,25.7,25.5,25.4,1.7,945,28.9,16.8,16.69,16.6,23.45,0.4,23:25:00
29-10-2024,7:45:55,24,23.9,23.8,26,25.7,25.3,1.8,945,28.9,16.8,16.75,16.6,23.533,0.4,23:30:00
29-10-2024,7:50:55,24.1,24,23.9,26.1,25.7,25.4,1.7,945,28.9,16.7,16.69,16.6,23.617,0.4,23:35:00
29-10-2024,7:55:55,24.1,24,24,26,25.7,25.3,1.6,945.3,28.9,16.6,16.64,16.6,23.7,0.4,23:40:00
29-10-2024,8:00:55,24.2,24,23.9,26.2,25.7,25.4,1.7,945.1,28.9,16.6,16.59,16.5,23.783,0.4,23:45:00
29-10-2024,8:05:55,24.4,24.2,24.1,26.6,26.3,26.1,2,945.4,28.9,16.7,16.67,16.6,23.866,0.4,23:50:00
29-10-2024,8:10:55,24.7,24.5,24.4,27,26.7,26.3,2.2,945.4,28.9,16.8,16.76,16.7,23.95,0.4,23:55:00
