Filter ID:,54409,,LOCATION ID:,3,,,,,,,,,,,,
Date,Time,AT Max,AT Avg,AT Min,FT Max,FT Avg,FT Min,Diff Temp,BP,FP,FR Max,FR Avg,FR Min,Volume,CV,ET
dd/mm/yy,hh:mm:ss,Deg C,Deg C,Deg C,Deg C,Deg C,Deg C,Deg C,mbar,mmHg,Lpm,Lpm,Lpm,M3,%,HH:MM:SS
Machine Start at:,8/11/2024,8:26:18,,,,,,,,,,,,,,
8/11/2024,8:31:18,29.1,28.6,28.4,29.8,29.5,29.2,0.8,948.5,24.4,23.5,17.03,8.8,0.085,6.22,0:05:00
8/11/2024,8:36:18,28.7,28.5,28.4,30.6,30.1,29.7,1.5,948.5,23.4,16.8,16.7,16.6,0.168,1.36,0:10:00
8/11/2024,8:41:18,29.3,29,28.7,31.3,31,30.5,2,948.5,23.4,16.8,16.69,16.6,0.252,1.14,0:15:00
8/11/2024,8:46:18,29.8,29.6,29.2,32.1,31.7,31.3,2.1,948.5,23.4,16.7,16.67,16.6,0.335,1.01,0:20:00
8/11/2024,8:51:18,30.3,30.1,29.8,32.6,32.4,32,2.3,948.5,23.4,16.8,16.72,16.6,0.419,0.89,0:25:00
8/11/2024,8:56:18,30.9,30.6,30.3,33.4,33,32.7,2.4,948.5,23.4,16.8,16.7,16.6,0.502,0.81,0:30:00
8/11/2024,9:01:18,31.4,31.2,30.9,33.9,33.7,33.4,2.4,948.5,23.4,16.7,16.65,16.6,0.585,0.78,0:35:00
8/11/2024,9:06:18,31.7,31.6,31.4,34.3,34,33.8,2.4,948.5,23.5,16.8,16.75,16.6,0.669,0.72,0:40:00
8/11/2024,9:11:18,32,31.9,31.7,34.9,34.5,34.2,2.6,948.5,23.4,16.7,16.62,16.5,0.752,0.71,0:45:00
8/11/2024,9:16:18,32.2,32.1,32,34.9,34.7,34.5,2.5,948.5,23.7,16.8,16.76,16.6,0.836,0.67,0:50:00
8/11/2024,9:21:18,32.2,32.2,32.1,34.7,34.6,34.4,2.3,948.5,23.5,16.7,16.7,16.6,0.92,0.64,0:55:00
8/11/2024,9:26:18,32.2,32.2,32.2,34.8,34.6,34.5,2.4,948.5,23.4,16.7,16.63,16.6,1.003,0.63,1:00:00
8/11/2024,9:31:18,32.3,32.2,32.2,35,34.7,34.6,2.5,948.5,23.4,16.6,16.6,16.5,1.086,0.64,1:05:00
8/11/2024,9:36:18,32.3,32.3,32.2,34.7,34.4,34.2,2.1,948.5,23.8,16.8,16.73,16.6,1.17,0.61,1:10:00
8/11/2024,9:41:18,32.4,32.3,32.3,34.7,34.4,34.1,2,948.5,23.7,16.8,16.79,16.7,1.254,0.6,1:15:00
8/11/2024,9:46:18,32.4,32.3,31.9,34.5,33.7,33.1,1.4,948.5,23.8,16.8,16.75,16.7,1.337,0.58,1:20:00
8/11/2024,9:51:18,32,31.4,31,33.1,32.8,32.6,1.3,948.5,24.1,16.7,16.72,16.7,1.421,0.56,1:25:00
8/11/2024,9:56:18,31,30.8,30.6,32.7,32.5,32.4,1.7,948.5,24.2,16.7,16.72,16.7,1.505,0.55,1:30:00
8/11/2024,10:01:18,30.6,30.5,30.3,32.5,32.2,32,1.7,948.5,24.6,16.8,16.76,16.7,1.588,0.54,1:35:00
8/11/2024,10:06:18,30.3,30.2,30.1,32.1,32,31.9,1.7,948.5,23.7,16.7,16.61,16.6,1.671,0.54,1:40:00
8/11/2024,10:11:18,30.2,30.2,30.1,32.2,32,31.9,1.8,948.5,23.6,16.6,16.63,16.6,1.755,0.54,1:45:00
8/11/2024,10:16:18,30.3,30.2,30.2,32.3,32.2,32.1,1.9,948.5,23.6,16.6,16.61,16.6,1.838,0.54,1:50:00
8/11/2024,10:21:18,30.4,30.4,30.3,32.3,32.2,32,1.8,948.5,23.6,16.6,16.6,16.6,1.921,0.54,1:55:00
8/11/2024,10:26:18,30.5,30.5,30.4,32.3,32.1,32.1,1.6,948.5,23.6,16.6,16.6,16.6,2.004,0.55,2:00:00
8/11/2024,10:31:18,30.6,30.5,30.5,32.5,32.2,32.1,1.7,948.5,23.5,16.6,16.6,16.6,2.087,0.55,2:05:00
8/11/2024,10:36:18,30.7,30.7,30.6,32.5,32.3,32.2,1.6,948.5,23.7,16.6,16.61,16.6,2.17,0.54,2:10:00
8/11/2024,10:41:18,30.8,30.7,30.6,32.5,32.3,32.2,1.6,948.5,24.2,16.7,16.66,16.6,2.253,0.53,2:15:00
8/11/2024,10:46:18,30.9,30.9,30.8,32.7,32.5,32.3,1.6,948.5,24.5,16.8,16.77,16.7,2.337,0.53,2:20:00
8/11/2024,10:51:18,30.9,30.9,30.9,32.6,32.4,32.2,1.5,948.5,24.6,16.7,16.73,16.7,2.421,0.52,2:25:00
8/11/2024,10:56:18,31,31,30.9,32.6,32.5,32.4,1.5,948.5,24.6,16.7,16.7,16.6,2.504,0.51,2:30:00
8/11/2024,11:01:18,31,31,30.9,32.7,32.6,32.5,1.5,948.5,24.4,16.7,16.69,16.6,2.588,0.51,2:35:00
8/11/2024,11:06:18,31.2,31.1,31,32.8,32.6,32.4,1.5,948.5,24.3,16.7,16.66,16.6,2.671,0.5,2:40:00
8/11/2024,11:11:18,31.3,31.2,31.1,32.9,32.8,32.6,1.5,948.5,24.3,16.6,16.64,16.6,2.754,0.49,2:45:00
8/11/2024,11:16:18,31.4,31.3,31.3,32.9,32.8,32.7,1.4,948.5,24.3,16.7,16.64,16.6,2.838,0.49,2:50:00
8/11/2024,11:21:18,31.4,31.4,31.3,32.9,32.9,32.8,1.4,948.5,24.3,16.7,16.63,16.6,2.921,0.48,2:55:00
8/11/2024,11:26:18,31.6,31.4,31.4,33.1,33,32.8,1.5,948.5,25.2,16.8,16.76,16.6,3.005,0.48,3:00:00
8/11/2024,11:31:18,31.7,31.6,31.5,33.1,33,33,1.4,948.5,25,16.8,16.75,16.7,3.088,0.48,3:05:00
8/11/2024,11:36:18,31.7,31.7,31.6,33.2,33.1,33,1.4,948.5,24.8,16.7,16.71,16.7,3.172,0.47,3:10:00
8/11/2024,11:41:18,31.8,31.7,31.7,33.1,33.1,33,1.3,948.5,24.8,16.7,16.69,16.6,3.255,0.47,3:15:00
8/11/2024,11:46:18,31.9,31.8,31.7,33.5,33.4,33.1,1.5,948.5,24.9,16.7,16.68,16.6,3.339,0.46,3:20:00
8/11/2024,11:51:18,32,31.9,31.9,33.3,33.2,33.1,1.2,948.5,24.8,16.7,16.66,16.6,3.422,0.45,3:25:00
8/11/2024,11:56:18,32.1,32,31.9,33.4,33.3,33.2,1.3,948.5,24.6,16.6,16.63,16.6,3.505,0.45,3:30:00
8/11/2024,12:01:18,32.1,32,32,33.6,33.4,33.2,1.3,948.5,24.8,16.7,16.62,16.6,3.588,0.45,3:35:00
8/11/2024,12:06:18,32.4,32.2,32.1,34,33.7,33.4,1.5,948.5,24.8,16.7,16.62,16.6,3.672,0.45,3:40:00
8/11/2024,12:11:18,32.6,32.4,32.4,34.1,33.9,33.7,1.4,948.4,24.8,16.7,16.65,16.6,3.755,0.44,3:45:00
8/11/2024,12:16:18,32.7,32.7,32.5,34.3,34.1,33.9,1.4,948.3,24.8,16.7,16.64,16.6,3.838,0.44,3:50:00
8/11/2024,12:21:18,32.8,32.7,32.7,34.4,34.2,34.1,1.4,948.2,25.5,16.8,16.75,16.6,3.922,0.44,3:55:00
8/11/2024,12:26:18,32.7,32.7,32.6,34.5,34.3,34.2,1.6,948.3,25.1,16.8,16.73,16.7,4.006,0.44,4:00:00
8/11/2024,12:31:18,32.7,32.6,32.5,34.3,34.2,34.1,1.5,948.2,25.1,16.7,16.67,16.6,4.089,0.43,4:05:00
8/11/2024,12:36:18,32.6,32.5,32.5,34.4,34.3,34.1,1.7,947.2,24.9,16.7,16.66,16.6,4.172,0.43,4:10:00
8/11/2024,12:41:18,32.7,32.6,32.5,34.7,34.5,34.4,1.9,947.1,25,16.7,16.65,16.6,4.255,0.42,4:15:00
8/11/2024,12:46:18,32.8,32.7,32.6,34.7,34.5,34.4,1.8,947,25.1,16.7,16.63,16.6,4.339,0.42,4:20:00
8/11/2024,12:51:18,32.8,32.8,32.7,34.7,34.5,34.3,1.7,947,25.3,16.7,16.63,16.6,4.422,0.42,4:25:00
8/11/2024,12:56:18,32.9,32.8,32.8,34.8,34.6,34.4,1.7,945.8,25,16.7,16.63,16.6,4.505,0.42,4:30:00
8/11/2024,13:01:18,32.9,32.9,32.8,35,34.7,34.5,1.8,945.6,24.9,16.7,16.63,16.6,4.588,0.41,4:35:00
8/11/2024,13:06:18,33.1,33,32.9,34.9,34.8,34.6,1.7,945.5,25.4,16.7,16.64,16.6,4.671,0.41,4:40:00
8/11/2024,13:11:18,33.2,33.1,33,35.1,34.8,34.7,1.7,945.6,25.7,16.8,16.73,16.6,4.755,0.41,4:45:00
8/11/2024,13:16:18,33.3,33.2,33.1,35.3,35,34.9,1.8,945.4,25.8,16.8,16.75,16.7,4.839,0.41,4:50:00
8/11/2024,13:21:18,33.5,33.3,33.2,35.6,35.3,35.1,2,945.4,25.5,16.7,16.7,16.6,4.922,0.41,4:55:00
8/11/2024,13:26:18,33.7,33.6,33.4,35.4,35.3,35.2,1.7,945.4,25.8,16.7,16.68,16.6,5.006,0.4,5:00:00
8/11/2024,13:31:18,33.8,33.7,33.7,35.8,35.6,35.2,1.8,945.4,25.5,16.7,16.64,16.6,5.089,0.4,5:05:00
8/11/2024,13:36:18,33.9,33.8,33.7,35.9,35.5,35.3,1.6,945.4,26,16.7,16.64,16.6,5.172,0.4,5:10:00
8/11/2024,13:41:18,33.7,33.7,33.6,35.8,35.4,35.2,1.7,945.4,26,16.7,16.63,16.6,5.255,0.4,5:15:00
8/11/2024,13:46:18,33.8,33.7,33.6,36,35.6,35.3,1.9,945.4,25.9,16.7,16.63,16.6,5.339,0.4,5:20:00
8/11/2024,13:51:18,33.8,33.7,33.6,35.6,35.5,35.4,1.7,945.4,25.7,16.7,16.68,16.6,5.422,0.39,5:25:00
8/11/2024,13:56:18,33.8,33.7,33.6,35.9,35.6,35.4,1.9,945.4,25.9,16.8,16.72,16.6,5.506,0.39,5:30:00
8/11/2024,14:01:18,34,33.8,33.7,35.9,35.7,35.6,1.8,945.4,26.1,16.8,16.78,16.7,5.59,0.39,5:35:00
8/11/2024,14:06:18,34,34,33.9,36.1,35.9,35.6,1.9,945.4,26.1,16.8,16.74,16.7,5.673,0.39,5:40:00
8/11/2024,14:11:18,34.2,34.1,34,36.2,36,35.9,1.9,945.4,26.1,16.7,16.71,16.6,5.757,0.39,5:45:00
8/11/2024,14:16:18,34.3,34.2,34.1,36.2,35.9,35.8,1.7,945.4,26.1,16.7,16.68,16.6,5.84,0.39,5:50:00
8/11/2024,14:21:18,34.2,34.2,34.1,36.2,35.9,35.6,1.7,945.4,26.1,16.7,16.67,16.6,5.924,0.39,5:55:00
8/11/2024,14:26:18,34.2,34.1,34.1,36,35.8,35.7,1.7,945.4,26.1,16.7,16.66,16.6,6.007,0.39,6:00:00
8/11/2024,14:31:18,34.2,34.1,34.1,36.3,36.1,35.8,1.9,945.4,26.1,16.7,16.65,16.6,6.09,0.38,6:05:00
8/11/2024,14:36:18,34.3,34.3,34.1,36.2,36.1,35.9,1.8,945.4,26.1,16.6,16.62,16.6,6.173,0.38,6:10:00
8/11/2024,14:41:18,34.4,34.4,34.3,36.3,36.1,36,1.7,945.4,26.1,16.7,16.63,16.6,6.257,0.38,6:15:00
8/11/2024,14:46:18,34.4,34.3,34.2,36.2,36,35.8,1.7,945.4,26.1,16.7,16.63,16.6,6.34,0.38,6:20:00
8/11/2024,14:51:18,34.3,34.2,34.2,36.3,36.1,35.9,1.9,945.4,26.1,16.7,16.63,16.6,6.423,0.38,6:25:00
8/11/2024,14:56:18,34.4,34.3,34.2,36.5,36.2,35.9,1.8,945.4,26.1,16.7,16.64,16.6,6.506,0.38,6:30:00
8/11/2024,15:01:18,34.6,34.5,34.4,36.6,36.4,36.3,1.9,945.4,26.1,16.7,16.61,16.6,6.589,0.38,6:35:00
8/11/2024,15:06:18,34.7,34.6,34.5,36.6,36.4,36.2,1.8,945.4,26.1,16.7,16.62,16.6,6.672,0.38,6:40:00
8/11/2024,15:11:18,34.7,34.6,34.4,36.3,36.1,35.9,1.4,945.4,26.1,16.7,16.63,16.6,6.756,0.38,6:45:00
8/11/2024,15:16:18,34.4,34.4,34.3,36.2,35.8,35.5,1.4,945.4,26.1,16.7,16.64,16.6,6.839,0.38,6:50:00
8/11/2024,15:21:18,34.4,34.3,34.3,36.2,36,35.9,1.6,945.4,26.1,16.7,16.63,16.6,6.922,0.38,6:55:00
8/11/2024,15:26:18,34.4,34.4,34.3,36.3,36.1,35.9,1.7,945.4,26.1,16.7,16.64,16.6,7.005,0.38,7:00:00
8/11/2024,15:31:18,34.5,34.4,34.3,36.5,36.2,36.1,1.8,945.4,26.1,16.7,16.67,16.6,7.089,0.37,7:05:00
8/11/2024,15:36:18,34.6,34.5,34.5,36.5,36.3,36.1,1.7,945.4,26.1,16.8,16.7,16.6,7.172,0.37,7:10:00
8/11/2024,15:41:18,34.6,34.5,34.5,36.6,36.3,36.2,1.8,945.4,26.1,16.9,16.82,16.7,7.256,0.38,7:15:00
8/11/2024,15:46:18,34.6,34.5,34.5,36.6,36.3,36,1.8,945.4,26.1,16.8,16.77,16.7,7.34,0.38,7:20:00
8/11/2024,15:51:18,34.6,34.5,34.5,36.4,36.1,35.8,1.5,945.4,26.1,16.8,16.76,16.7,7.424,0.38,7:25:00
8/11/2024,15:56:18,34.9,34.8,34.6,36.7,36.4,36.1,1.6,945.4,26.1,16.8,16.76,16.7,7.508,0.39,7:30:00
8/11/2024,16:01:18,35,34.9,34.8,36.7,36.5,36.2,1.5,945.4,26.1,16.8,16.73,16.7,7.591,0.38,7:35:00
8/11/2024,16:06:18,34.8,34.7,34.6,36.4,36.3,36.1,1.5,945.4,26.1,16.8,16.76,16.7,7.675,0.38,7:40:00
8/11/2024,16:11:18,34.7,34.6,34.5,36.4,36.2,36,1.5,945.4,26.1,16.8,16.77,16.7,7.759,0.39,7:45:00
8/11/2024,16:16:18,34.6,34.5,34.4,36.2,36,35.8,1.4,945.4,26.1,16.8,16.76,16.7,7.843,0.39,7:50:00
8/11/2024,16:21:18,34.6,34.5,34.4,36.3,36,35.5,1.4,945.4,26.1,16.8,16.71,16.6,7.926,0.39,7:55:00
8/11/2024,16:26:18,34.6,34.4,34.4,36.5,36.2,35.8,1.8,945.4,26.1,16.8,16.72,16.6,8.01,0.38,8:00:00
8/11/2024,16:31:18,35.1,34.8,34.6,36.8,36.7,36.4,1.8,945.4,26.1,16.7,16.65,16.6,8.093,0.38,8:05:00
8/11/2024,16:36:18,35.5,35.3,35,37,36.9,36.7,1.6,945.4,26.1,16.7,16.63,16.6,8.176,0.38,8:10:00
8/11/2024,16:41:18,36,35.7,35.5,37.4,37.1,36.9,1.3,945.4,26.1,16.8,16.74,16.6,8.26,0.38,8:15:00
8/11/2024,16:46:18,36.3,36.1,35.9,37.5,37.3,37.1,1.1,945.4,26.1,16.7,16.72,16.7,8.344,0.38,8:20:00
8/11/2024,16:51:18,36.6,36.5,36.3,37.5,37.5,37.4,0.9,945.4,26.1,16.7,16.7,16.6,8.427,0.38,8:25:00
8/11/2024,16:56:18,36.8,36.7,36.6,37.7,37.6,37.4,0.8,945.4,26.1,16.7,16.67,16.6,8.511,0.38,8:30:00
8/11/2024,17:01:18,36.9,36.8,36.7,37.9,37.7,37.6,0.8,945.4,26.1,16.7,16.66,16.6,8.594,0.38,8:35:00
8/11/2024,17:06:18,37.1,37,36.9,37.8,37.7,37.6,0.6,945.4,26.1,16.7,16.66,16.6,8.678,0.37,8:40:00
8/11/2024,17:11:18,37.1,37.1,37,37.8,37.7,37.6,0.6,945.4,26.1,16.7,16.66,16.6,8.761,0.37,8:45:00
8/11/2024,17:16:18,37.1,37,37,37.9,37.7,37.6,0.6,945.4,26.1,16.7,16.64,16.6,8.844,0.37,8:50:00
8/11/2024,17:21:18,37,37,36.9,38,37.8,37.6,0.8,945.4,26.1,16.7,16.62,16.6,8.927,0.37,8:55:00
8/11/2024,17:26:18,37.1,37,37,37.9,37.8,37.7,0.7,945.4,26.1,16.7,16.62,16.6,9.01,0.37,9:00:00
8/11/2024,17:31:18,37.2,37.1,37.1,38,37.7,37.5,0.6,945.4,26.1,16.7,16.61,16.6,9.094,0.37,9:05:00
8/11/2024,17:36:18,37.2,37.2,37.1,37.9,37.6,37.5,0.4,945.4,26.1,16.7,16.66,16.6,9.177,0.37,9:10:00
8/11/2024,17:41:18,37.2,37.1,37,37.9,37.5,37.3,0.4,945.4,26.1,16.7,16.66,16.6,9.26,0.37,9:15:00
8/11/2024,17:46:18,37,37,36.9,37.5,37.3,37.1,0.2,945.4,26.1,16.7,16.65,16.6,9.344,0.37,9:20:00
8/11/2024,17:51:18,36.9,36.9,36.8,37.5,37.2,37,0.3,945.4,26.1,16.7,16.65,16.6,9.427,0.37,9:25:00
8/11/2024,17:56:18,36.8,36.7,36.6,37.4,37.2,36.9,0.4,945.4,26.1,16.7,16.65,16.6,9.51,0.37,9:30:00
8/11/2024,18:01:18,36.6,36.5,36.4,37.1,37,36.7,0.4,945.4,26.1,16.6,16.62,16.6,9.593,0.36,9:35:00
8/11/2024,18:06:18,36.4,36.3,36.1,37,36.7,36.6,0.4,945.4,26.1,16.7,16.69,16.6,9.677,0.36,9:40:00
8/11/2024,18:11:18,36.1,36,35.9,36.7,36.5,36.3,0.4,945.4,26.1,16.8,16.75,16.7,9.761,0.36,9:45:00
8/11/2024,18:16:18,35.9,35.8,35.7,36.7,36.4,36.2,0.6,945.4,26.1,16.8,16.76,16.7,9.844,0.36,9:50:00
8/11/2024,18:21:18,35.7,35.6,35.5,36.3,36.1,35.9,0.4,945.5,26.1,16.8,16.74,16.7,9.928,0.37,9:55:00
8/11/2024,18:26:18,35.5,35.4,35.3,36.2,36,35.8,0.5,945.5,26.1,16.8,16.78,16.7,10.012,0.37,10:00:00
8/11/2024,18:31:18,35.3,35.2,35.2,36.1,35.7,35.5,0.5,945.7,26.1,16.7,16.64,16.6,10.095,0.37,10:05:00
8/11/2024,18:36:18,35.2,35.1,35,36,35.7,35.5,0.6,945.6,26.1,16.7,16.64,16.6,10.178,0.37,10:10:00
8/11/2024,18:41:18,35,34.9,34.9,35.8,35.5,35.4,0.5,946,26.1,16.7,16.65,16.6,10.262,0.36,10:15:00
8/11/2024,18:46:18,34.9,34.8,34.8,35.8,35.6,35.4,0.7,946.7,26.1,16.7,16.67,16.6,10.345,0.36,10:20:00
8/11/2024,18:51:18,34.8,34.7,34.6,35.5,35.3,35,0.5,946.4,26.1,16.7,16.68,16.6,10.428,0.36,10:25:00
8/11/2024,18:56:18,34.6,34.5,34.5,35.4,35.2,35,0.6,946,26.1,16.7,16.71,16.7,10.512,0.36,10:30:00
8/11/2024,19:01:18,34.5,34.4,34.2,35.3,35,34.9,0.6,945.9,26.1,16.8,16.74,16.7,10.596,0.36,10:35:00
8/11/2024,19:06:18,34.3,34.2,34.1,35.1,34.9,34.8,0.7,945.9,26.1,16.8,16.76,16.7,10.68,0.36,10:40:00
8/11/2024,19:11:18,34.1,34.1,34,35,34.9,34.8,0.8,947.2,26.1,16.8,16.76,16.7,10.763,0.37,10:45:00
8/11/2024,19:16:18,34,33.9,33.9,34.9,34.6,34.5,0.7,947.6,26.1,16.8,16.73,16.6,10.847,0.37,10:50:00
8/11/2024,19:21:18,33.9,33.8,33.8,34.8,34.6,34.5,0.7,947.4,26.1,16.7,16.67,16.6,10.93,0.36,10:55:00
8/11/2024,19:26:18,33.8,33.8,33.7,34.7,34.6,34.4,0.7,947.7,26.1,16.7,16.66,16.6,11.014,0.36,11:00:00
8/11/2024,19:31:18,33.8,33.7,33.7,34.5,34.4,34.3,0.6,948.2,26.1,16.7,16.64,16.6,11.097,0.36,11:05:00
8/11/2024,19:36:18,33.7,33.7,33.6,34.6,34.3,34.2,0.6,947.9,26.1,16.7,16.65,16.6,11.18,0.36,11:10:00
8/11/2024,19:41:18,33.6,33.6,33.5,34.4,34.2,34,0.6,948.3,26.1,16.7,16.63,16.6,11.263,0.36,11:15:00
8/11/2024,19:46:18,33.6,33.5,33.5,34.3,34.1,34,0.6,948.3,26.1,16.7,16.66,16.6,11.347,0.36,11:20:00
8/11/2024,19:51:18,33.5,33.4,33.4,34.2,34.1,33.9,0.6,948.3,26.1,16.7,16.66,16.6,11.43,0.36,11:25:00
8/11/2024,19:56:18,33.4,33.3,33.3,34.3,34,33.9,0.7,948.3,26.1,16.7,16.65,16.6,11.513,0.36,11:30:00
8/11/2024,20:01:18,33.3,33.2,33.1,34.1,33.9,33.7,0.7,948.3,26.1,16.7,16.68,16.6,11.597,0.35,11:35:00
8/11/2024,20:06:18,33.1,33,32.9,33.9,33.7,33.6,0.6,948.4,26.1,16.7,16.69,16.6,11.68,0.35,11:40:00
8/11/2024,20:11:18,32.9,32.9,32.7,33.9,33.7,33.5,0.8,948.3,26.1,16.7,16.7,16.7,11.764,0.35,11:45:00
8/11/2024,20:16:18,32.8,32.6,32.5,33.7,33.5,33.3,0.8,948.4,26.1,16.7,16.74,16.7,11.848,0.35,11:50:00
8/11/2024,20:21:18,32.5,32.4,32.2,33.3,33.2,33.1,0.8,948.5,26.1,16.8,16.76,16.7,11.931,0.35,11:55:00
8/11/2024,20:26:18,32.3,32.2,32.1,33.1,33,32.8,0.8,948.5,26.1,16.8,16.8,16.7,12.015,0.36,12:00:00
8/11/2024,20:31:18,32.1,32,32,33,32.9,32.7,0.8,948.5,26.1,16.8,16.69,16.6,12.099,0.36,12:05:00
8/11/2024,20:36:18,32,31.9,31.8,33,32.7,32.5,0.8,948.5,26.1,16.7,16.66,16.6,12.182,0.36,12:10:00
8/11/2024,20:41:18,31.8,31.7,31.6,32.9,32.7,32.5,0.9,948.5,26.1,16.7,16.66,16.6,12.266,0.36,12:15:00
8/11/2024,20:46:18,31.7,31.6,31.4,32.8,32.6,32.4,1,948.5,26.1,16.7,16.67,16.6,12.349,0.36,12:20:00
8/11/2024,20:51:18,31.5,31.4,31.3,32.7,32.5,32.2,1,948.5,26.1,16.7,16.69,16.6,12.432,0.35,12:25:00
8/11/2024,20:56:18,31.4,31.3,31.2,32.5,32.2,32.1,0.9,948.5,26.1,16.7,16.72,16.7,12.516,0.35,12:30:00
8/11/2024,21:01:18,31.2,31.2,31.1,32.5,32.3,32.2,1.1,948.5,26.1,16.8,16.75,16.7,12.6,0.35,12:35:00
8/11/2024,21:06:18,31.2,31.1,31.1,32.4,32.2,32.1,1,948.5,26.1,16.8,16.75,16.7,12.683,0.35,12:40:00
8/11/2024,21:11:18,31.2,31.2,31.1,32.5,32.2,32,1,948.5,26.1,16.8,16.75,16.7,12.767,0.35,12:45:00
8/11/2024,21:16:18,31.2,31.1,31.1,32.3,32.1,32,0.9,948.5,26.1,16.8,16.76,16.7,12.851,0.36,12:50:00
8/11/2024,21:21:18,31.1,31,31,32.2,32,31.9,0.9,948.5,26.1,16.8,16.77,16.7,12.935,0.36,12:55:00
8/11/2024,21:26:18,31,31,30.9,32,31.9,31.8,0.8,948.5,26.1,16.8,16.77,16.7,13.019,0.36,13:00:00
8/11/2024,21:31:18,31,30.9,30.9,32.2,31.9,31.7,0.9,948.5,26.1,16.8,16.79,16.7,13.103,0.36,13:05:00
8/11/2024,21:36:18,31,30.9,30.8,32.3,31.9,31.3,0.9,948.5,26.1,16.8,16.74,16.7,13.186,0.36,13:10:00
8/11/2024,21:41:18,30.9,30.9,30.9,33,32.7,32.3,1.8,948.5,26.1,16.7,16.65,16.6,13.27,0.36,13:15:00
8/11/2024,21:46:18,30.9,30.8,30.7,33.3,33.1,32.9,2.2,948.5,26.1,16.7,16.65,16.6,13.353,0.36,13:20:00
8/11/2024,21:51:18,30.8,30.7,30.6,33.3,33.2,33.1,2.5,948.5,26.1,16.8,16.74,16.6,13.437,0.36,13:25:00
8/11/2024,21:56:18,30.6,30.6,30.5,33.4,33.4,33.3,2.8,948.5,26.1,16.7,16.67,16.6,13.52,0.36,13:30:00
8/11/2024,22:01:18,30.5,30.5,30.4,33.5,33.4,33.3,2.9,948.5,26.1,16.7,16.64,16.6,13.603,0.36,13:35:00
8/11/2024,22:06:18,30.4,30.3,30.2,33.4,33.4,33.3,3,948.5,26.1,16.7,16.65,16.6,13.686,0.36,13:40:00
8/11/2024,22:11:18,30.2,30.2,30.1,33.5,33.4,33.3,3.2,948.5,26.1,16.8,16.74,16.6,13.77,0.36,13:45:00
8/11/2024,22:16:18,30.1,30.1,30.1,33.5,33.4,33.4,3.3,948.5,26.1,16.8,16.73,16.7,13.854,0.36,13:50:00
8/11/2024,22:21:18,30.2,30.1,30.1,33.5,33.4,33.4,3.3,948.5,26.1,16.7,16.69,16.6,13.937,0.36,13:55:00
8/11/2024,22:26:18,30.2,30.2,30.1,33.5,33.4,33.3,3.2,948.5,26.1,16.7,16.69,16.6,14.021,0.36,14:00:00
8/11/2024,22:31:18,30.4,30.3,30.2,33.4,33.3,33.3,3,948.5,26.1,16.7,16.7,16.6,14.104,0.35,14:05:00
8/11/2024,22:36:18,30.4,30.3,30.3,33.4,33.3,33.3,2.9,948.5,26.1,16.7,16.7,16.6,14.188,0.35,14:10:00
8/11/2024,22:41:18,30.4,30.3,30.2,33.5,33.4,33.3,3.1,948.5,26.1,16.7,16.69,16.6,14.271,0.35,14:15:00
8/11/2024,22:46:18,30.2,30.2,30.1,33.5,33.4,33.3,3.2,948.5,26.1,16.7,16.69,16.6,14.354,0.35,14:20:00
8/11/2024,22:51:18,30.1,30.1,30,33.4,33.4,33.3,3.2,948.5,26.1,16.7,16.69,16.6,14.438,0.35,14:25:00
8/11/2024,22:56:18,30.1,30.1,30,33.4,33.3,33.2,3.2,948.5,26.1,16.7,16.68,16.6,14.521,0.35,14:30:00
8/11/2024,23:01:18,30.1,30.1,30,33.3,33.3,33.1,3.1,948.5,26.1,16.7,16.68,16.6,14.605,0.35,14:35:00
8/11/2024,23:06:18,30,30,29.9,33.3,33.2,33.1,3.2,948.5,26.1,16.7,16.67,16.6,14.688,0.35,14:40:00
8/11/2024,23:11:18,29.9,29.9,29.9,33.3,33.2,33.1,3.3,948.5,26.2,16.7,16.68,16.6,14.771,0.35,14:45:00
8/11/2024,23:16:18,29.9,29.8,29.8,33.3,33.2,33,3.3,948.4,26.1,16.7,16.67,16.6,14.855,0.35,14:50:00
8/11/2024,23:21:18,29.9,29.8,29.8,33.2,33.1,33,3.2,948.4,26.1,16.7,16.67,16.6,14.938,0.34,14:55:00
8/11/2024,23:26:18,29.9,29.9,29.8,33.2,33.1,33,3.2,948.4,26.1,16.7,16.68,16.6,15.022,0.34,15:00:00
8/11/2024,23:31:18,29.9,29.9,29.9,33.1,33.1,33,3.1,948.4,26.1,16.7,16.68,16.6,15.105,0.34,15:05:00
8/11/2024,23:36:18,30,29.9,29.9,33.1,33,33,3.1,947.8,26.2,16.7,16.69,16.6,15.188,0.34,15:10:00
8/11/2024,23:41:18,30,30,29.9,33.1,33,32.9,3,947.6,26.2,16.7,16.71,16.7,15.272,0.34,15:15:00
Residual Sample:,2:08,,,,,,,,,,,,,,,
8/11/2024,23:49:11,0,30,0,0,33,0,3,0,26.3,0,16.71,0,15.306,0.34,15:17:00
Machine Restart,,,,,,,,,,,,,,,,
8/11/2024,23:54:11,29.9,29.9,29.7,32.5,32.3,31.5,2.3,946.6,26.5,19.3,16.81,16.6,15.391,0.35,15:22:00
8/11/2024,23:59:11,29.9,29.8,29.7,32.5,32.4,32.3,2.6,947.8,26.2,16.8,16.69,16.6,15.474,0.35,15:27:00
9/11/2024,0:04:11,29.7,29.6,29.5,32.5,32.4,32.3,2.7,946.1,26.1,16.8,16.7,16.6,15.558,0.35,15:32:00
9/11/2024,0:09:11,29.5,29.5,29.4,32.4,32.3,32.1,2.7,946.6,26.1,16.8,16.73,16.7,15.641,0.34,15:37:00
9/11/2024,0:14:11,29.4,29.4,29.3,32.4,32.3,32.2,2.9,945.8,26.1,16.7,16.66,16.6,15.725,0.34,15:42:00
9/11/2024,0:19:11,29.4,29.3,29.3,32.5,32.4,32.3,3,946.1,26.1,16.7,16.63,16.6,15.808,0.34,15:47:00
9/11/2024,0:24:11,29.3,29.3,29.2,32.5,32.5,32.4,3.1,945.9,26.2,16.7,16.65,16.6,15.891,0.34,15:52:00
9/11/2024,0:29:11,29.3,29.3,29.2,32.5,32.5,32.4,3.2,946.3,26.3,16.8,16.71,16.6,15.975,0.34,15:57:00
9/11/2024,0:34:11,29.3,29.3,29.3,32.6,32.5,32.4,3.2,947.6,26.2,16.7,16.71,16.7,16.058,0.34,16:02:00
9/11/2024,0:39:11,29.3,29.2,29.2,32.7,32.6,32.6,3.3,947.1,26.2,16.7,16.67,16.6,16.142,0.34,16:07:00
9/11/2024,0:44:11,29.3,29.2,29.2,32.6,32.5,32.5,3.3,947.2,26.1,16.7,16.65,16.6,16.225,0.34,16:12:00
9/11/2024,0:49:11,29.3,29.3,29.3,32.7,32.6,32.5,3.3,947.1,26.1,16.7,16.64,16.6,16.308,0.34,16:17:00
9/11/2024,0:54:11,29.3,29.2,29.1,32.7,32.6,32.6,3.4,947,26.2,16.6,16.61,16.6,16.391,0.34,16:22:00
9/11/2024,0:59:11,29.2,29.1,29.1,32.7,32.6,32.5,3.4,947.2,26.2,16.7,16.61,16.5,16.474,0.34,16:27:00
9/11/2024,1:04:11,29.2,29.1,29.1,32.7,32.6,32.5,3.4,947,26.2,16.6,16.6,16.5,16.557,0.34,16:32:00
9/11/2024,1:09:11,29.2,29.2,29.1,32.7,32.6,32.5,3.4,946,26.2,16.7,16.61,16.5,16.64,0.34,16:37:00
9/11/2024,1:14:11,29.3,29.3,29.2,32.7,32.6,32.5,3.3,945.6,26.2,16.7,16.61,16.6,16.723,0.34,16:42:00
9/11/2024,1:19:11,29.4,29.3,29.3,32.7,32.7,32.6,3.3,945.7,26.2,16.6,16.61,16.6,16.806,0.34,16:47:00
9/11/2024,1:24:11,29.4,29.4,29.3,32.8,32.7,32.6,3.3,945.9,26.2,16.7,16.61,16.6,16.889,0.34,16:52:00
9/11/2024,1:29:11,29.3,29.3,29.3,32.8,32.7,32.6,3.3,946.3,26.2,16.6,16.6,16.5,16.972,0.34,16:57:00
9/11/2024,1:34:11,29.4,29.3,29.3,32.9,32.8,32.6,3.4,946.7,26.3,16.7,16.62,16.6,17.055,0.34,17:02:00
9/11/2024,1:39:11,29.4,29.4,29.3,32.9,32.7,32.6,3.3,946.8,26.5,16.8,16.73,16.6,17.139,0.34,17:07:00
9/11/2024,1:44:11,29.4,29.4,29.4,32.8,32.7,32.5,3.2,946.7,26.5,16.8,16.73,16.6,17.223,0.34,17:12:00
9/11/2024,1:49:11,29.5,29.5,29.4,32.8,32.7,32.6,3.2,946.2,26.5,16.8,16.7,16.6,17.306,0.34,17:17:00
9/11/2024,1:54:11,29.5,29.4,29.4,32.7,32.6,32.5,3.1,945.5,26.4,16.7,16.66,16.6,17.39,0.34,17:22:00
9/11/2024,1:59:11,29.4,29.4,29.4,32.7,32.6,32.5,3.1,945.6,26.5,16.7,16.67,16.6,17.473,0.34,17:27:00
9/11/2024,2:04:11,29.4,29.4,29.4,32.8,32.7,32.5,3.2,945.5,26.5,16.7,16.7,16.6,17.557,0.34,17:32:00
9/11/2024,2:09:11,29.4,29.4,29.3,32.9,32.8,32.6,3.3,945.5,26.4,16.8,16.77,16.7,17.64,0.34,17:37:00
9/11/2024,2:14:11,29.3,29.3,29.3,32.8,32.7,32.5,3.3,945.5,26.3,16.8,16.77,16.7,17.724,0.34,17:42:00
9/11/2024,2:19:11,29.4,29.4,29.3,32.7,32.6,32.4,3.1,945.4,26.3,16.8,16.77,16.7,17.808,0.34,17:47:00
9/11/2024,2:24:11,29.5,29.5,29.4,32.6,32.5,32.4,3,945.4,26.8,16.8,16.78,16.7,17.892,0.34,17:52:00
9/11/2024,2:29:11,29.7,29.6,29.5,32.6,32.6,32.5,2.9,945.4,27,16.8,16.79,16.7,17.976,0.35,17:57:00
9/11/2024,2:34:11,29.9,29.8,29.7,32.6,32.6,32.5,2.7,945.4,27.1,16.8,16.8,16.7,18.06,0.35,18:02:00
9/11/2024,2:39:11,30,29.9,29.8,32.7,32.6,32.6,2.7,945.4,27.2,16.8,16.8,16.7,18.144,0.35,18:07:00
9/11/2024,2:44:11,30.1,30,30,32.8,32.7,32.6,2.6,945.4,27.1,16.8,16.8,16.7,18.228,0.35,18:12:00
9/11/2024,2:49:11,30.1,30.1,30.1,32.7,32.7,32.6,2.6,945.4,26.7,16.8,16.77,16.7,18.312,0.35,18:17:00
9/11/2024,2:54:11,30.1,30.1,30.1,32.7,32.6,32.6,2.5,945.4,26.6,16.8,16.77,16.7,18.396,0.35,18:22:00
9/11/2024,2:59:11,30.1,30.1,30.1,32.8,32.7,32.6,2.5,945.4,26.7,16.8,16.77,16.7,18.479,0.35,18:27:00
9/11/2024,3:04:11,30.1,30.1,30.1,32.8,32.7,32.6,2.6,945.4,26.7,16.8,16.76,16.7,18.563,0.35,18:32:00
9/11/2024,3:09:11,30.1,30.1,30.1,32.7,32.7,32.6,2.5,945.4,26.9,16.8,16.76,16.7,18.647,0.35,18:37:00
9/11/2024,3:14:11,30.1,30.1,30.1,32.7,32.6,32.5,2.5,945.4,27,16.8,16.76,16.7,18.731,0.35,18:42:00
9/11/2024,3:19:11,30.1,30.1,30.1,32.7,32.6,32.6,2.5,945.4,27.2,16.8,16.76,16.7,18.815,0.35,18:47:00
9/11/2024,3:24:11,30.1,30.1,30.1,32.6,32.4,32.3,2.3,945.4,27.4,16.8,16.76,16.7,18.899,0.35,18:52:00
9/11/2024,3:29:11,30.1,30.1,30.1,32.4,32.3,32.2,2.1,945.4,27.5,16.8,16.79,16.7,18.983,0.35,18:57:00
9/11/2024,3:34:11,30.1,30.1,30,32.2,32.1,31.9,2,945.4,27.5,16.8,16.81,16.8,19.067,0.36,19:02:00
9/11/2024,3:39:11,30.1,30,29.9,32,31.9,31.7,1.8,945.4,27.5,16.8,16.82,16.8,19.151,0.36,19:07:00
9/11/2024,3:44:11,29.9,29.9,29.8,31.7,31.6,31.4,1.6,945.4,26.4,16.8,16.67,16.6,19.234,0.36,19:12:00
9/11/2024,3:49:11,29.8,29.7,29.6,31.4,31.4,31.2,1.6,945.4,26.8,16.7,16.69,16.6,19.318,0.36,19:17:00
9/11/2024,3:54:11,29.7,29.6,29.5,31.3,31.2,31.1,1.6,945.4,27,16.7,16.72,16.7,19.401,0.36,19:22:00
9/11/2024,3:59:11,29.5,29.4,29.3,31.1,31,30.9,1.6,945.4,27,16.8,16.76,16.7,19.485,0.36,19:27:00
9/11/2024,4:04:11,29.3,29.2,29.1,30.9,30.8,30.7,1.5,945.4,27.1,16.8,16.78,16.7,19.569,0.36,19:32:00
9/11/2024,4:09:11,29.1,29,28.9,30.7,30.6,30.5,1.6,945.4,26.8,16.8,16.82,16.8,19.653,0.36,19:37:00
9/11/2024,4:14:11,28.9,28.8,28.7,30.5,30.3,30.1,1.5,945.4,26.7,16.8,16.74,16.6,19.737,0.36,19:42:00
9/11/2024,4:19:11,28.7,28.6,28.5,30.2,30.1,30.1,1.5,945.4,26.2,16.7,16.69,16.6,19.82,0.36,19:47:00
9/11/2024,4:24:11,28.5,28.4,28.3,30.2,30,29.9,1.6,945.4,26.2,16.7,16.71,16.7,19.904,0.36,19:52:00
9/11/2024,4:29:11,28.3,28.2,28.1,30.1,30,29.8,1.7,945.4,26.2,16.8,16.75,16.7,19.987,0.36,19:57:00
9/11/2024,4:34:11,28.1,28,27.9,30,29.8,29.7,1.8,945.4,26.2,16.8,16.76,16.7,20.071,0.36,20:02:00
9/11/2024,4:39:11,27.9,27.8,27.8,29.8,29.6,29.5,1.8,945.4,26.2,16.8,16.79,16.7,20.155,0.37,20:07:00
9/11/2024,4:44:11,27.8,27.7,27.6,29.5,29.4,29.2,1.6,945.4,26.2,16.8,16.82,16.7,20.239,0.37,20:12:00
9/11/2024,4:49:11,27.6,27.5,27.5,29.4,29.3,29.2,1.7,945.4,26.1,16.7,16.68,16.6,20.323,0.37,20:17:00
9/11/2024,4:54:11,27.5,27.4,27.4,29.3,29.2,29.2,1.8,945.4,26.1,16.7,16.7,16.6,20.406,0.37,20:22:00
9/11/2024,4:59:11,27.4,27.3,27.3,29.3,29.2,29,1.8,945.4,26.1,16.7,16.7,16.7,20.49,0.37,20:27:00
9/11/2024,5:04:11,27.3,27.2,27.2,29.1,29,28.9,1.7,945.4,26.1,16.7,16.72,16.7,20.573,0.37,20:32:00
9/11/2024,5:09:11,27.2,27.1,27.1,29,28.7,28.6,1.5,945.4,26.1,16.8,16.74,16.7,20.657,0.36,20:37:00
9/11/2024,5:14:11,27.1,27,26.9,28.9,28.8,28.6,1.7,945.4,26.1,16.8,16.75,16.7,20.741,0.37,20:42:00
9/11/2024,5:19:11,26.9,26.8,26.7,28.7,28.6,28.5,1.7,945.4,26.1,16.7,16.69,16.6,20.824,0.36,20:47:00
9/11/2024,5:25:11,26.8,26.7,26.6,28.6,28.6,28.5,1.9,945.4,26.1,16.7,16.64,16.6,20.907,0.36,20:52:00
9/11/2024,5:30:11,26.6,26.5,26.5,28.7,28.5,28.3,1.9,945.4,26.1,16.7,16.65,16.6,20.991,0.36,20:57:00
9/11/2024,5:35:11,26.5,26.4,26.3,28.5,28.4,28.3,2,945.4,26.1,16.7,16.64,16.6,21.074,0.36,21:02:00
9/11/2024,5:40:11,26.3,26.3,26.2,28.4,28.3,28.2,2,945.4,26.1,16.7,16.64,16.6,21.157,0.36,21:07:00
9/11/2024,5:45:11,26.2,26.2,26.1,28.4,28.4,28.3,2.2,945.4,26.1,16.7,16.64,16.6,21.24,0.36,21:12:00
9/11/2024,5:50:11,26.1,26.1,26,28.4,28.3,28.2,2.2,945.4,26.1,16.7,16.64,16.6,21.323,0.36,21:17:00
9/11/2024,5:55:11,26,26,26,28.3,28.2,28.2,2.2,945.5,26.1,16.7,16.67,16.6,21.407,0.36,21:22:00
9/11/2024,6:00:11,26,25.9,25.9,28.3,28.2,28.1,2.2,945.5,26.1,16.7,16.66,16.6,21.49,0.36,21:27:00
9/11/2024,6:05:11,25.9,25.9,25.9,28.1,28,27.9,2,945.7,26.1,16.7,16.67,16.6,21.574,0.36,21:32:00
9/11/2024,6:10:11,25.9,25.8,25.8,28.1,28,27.7,2.1,945.5,26.1,16.7,16.68,16.6,21.657,0.36,21:37:00
9/11/2024,6:15:11,25.8,25.7,25.7,27.9,27.9,27.7,2.1,946,26.1,16.7,16.67,16.6,21.741,0.36,21:42:00
9/11/2024,6:20:11,25.7,25.6,25.6,27.9,27.9,27.7,2.2,946.1,26.1,16.7,16.67,16.6,21.824,0.36,21:47:00
9/11/2024,6:25:11,25.6,25.5,25.5,27.9,27.9,27.8,2.3,945.5,26.1,16.7,16.69,16.6,21.908,0.37,21:52:00
9/11/2024,6:30:11,25.5,25.5,25.4,27.9,27.9,27.8,2.4,946.3,26.1,16.7,16.69,16.6,21.991,0.36,21:57:00
9/11/2024,6:35:11,25.5,25.4,25.4,27.9,27.8,27.7,2.3,946.8,26.1,16.7,16.67,16.6,22.075,0.36,22:02:00
9/11/2024,6:40:11,25.4,25.4,25.4,28,27.9,27.7,2.4,947,26.1,16.7,16.66,16.6,22.158,0.37,22:07:00
9/11/2024,6:45:11,25.4,25.4,25.4,27.9,27.8,27.7,2.3,947.1,26.1,16.7,16.66,16.6,22.241,0.36,22:12:00
9/11/2024,6:50:11,25.4,25.4,25.4,28,27.8,27.7,2.4,947.4,26.1,16.7,16.66,16.6,22.325,0.36,22:17:00
9/11/2024,6:55:11,25.4,25.4,25.4,28.1,28,27.9,2.6,947.5,26.1,16.7,16.65,16.6,22.408,0.36,22:22:00
9/11/2024,7:00:11,25.5,25.5,25.4,28.2,28.1,28,2.5,948.2,26.1,16.7,16.63,16.6,22.491,0.36,22:27:00
9/11/2024,7:05:11,25.6,25.6,25.5,28.3,28.2,28.1,2.6,948.3,26.1,16.7,16.63,16.6,22.574,0.36,22:32:00
9/11/2024,7:10:11,25.7,25.7,25.6,28.5,28.3,28.1,2.6,948.4,26.1,16.7,16.63,16.6,22.657,0.36,22:37:00
9/11/2024,7:15:11,25.9,25.8,25.7,28.7,28.6,28.5,2.7,948.4,26.1,16.7,16.62,16.6,22.74,0.36,22:42:00
9/11/2024,7:20:11,26.2,26,25.9,29,28.8,28.6,2.7,948.3,26.1,16.7,16.63,16.6,22.823,0.36,22:47:00
9/11/2024,7:25:11,26.6,26.4,26.2,29.4,29.2,28.9,2.7,948.5,26.1,16.7,16.64,16.6,22.906,0.36,22:52:00
9/11/2024,7:30:11,27.1,26.8,26.6,29.7,29.6,29.3,2.7,948.5,26.1,16.7,16.63,16.6,22.989,0.36,22:57:00
9/11/2024,7:35:11,27.6,27.3,27.1,29.9,29.8,29.5,2.4,948.5,26.1,16.7,16.64,16.6,23.073,0.36,23:02:00
9/11/2024,7:40:11,28.2,27.9,27.6,30.5,30.3,29.9,2.3,948.5,26.2,16.7,16.66,16.6,23.156,0.36,23:07:00
9/11/2024,7:45:11,28.8,28.5,28.2,31.1,30.8,30.5,2.2,948.5,26.2,16.8,16.76,16.7,23.24,0.36,23:12:00
9/11/2024,7:50:11,29.5,29.2,28.8,31.8,31.5,31.1,2.2,948.5,26.1,16.7,16.69,16.6,23.323,0.36,23:17:00
9/11/2024,7:55:11,30.2,29.9,29.5,32.1,31.9,31.7,2,948.5,26.2,16.7,16.63,16.6,23.406,0.36,23:22:00
9/11/2024,8:00:11,31,30.6,30.2,32.6,32.4,32.1,1.7,948.5,26.3,16.8,16.69,16.6,23.49,0.36,23:27:00
9/11/2024,8:05:11,31.6,31.3,31,32.7,32.5,32.2,1.1,948.5,26.3,16.8,16.72,16.7,23.573,0.36,23:32:00
9/11/2024,8:10:11,32.2,31.9,31.6,33.1,32.8,32.6,0.9,948.5,26.2,16.7,16.65,16.6,23.657,0.36,23:37:00
9/11/2024,8:15:11,32.8,32.5,32.2,33.5,33.3,33,0.7,948.5,26.5,16.8,16.67,16.6,23.74,0.36,23:42:00
9/11/2024,8:20:11,33.3,33.1,32.8,34.1,33.8,33.5,0.7,948.5,27.2,16.8,16.73,16.6,23.824,0.36,23:47:00
9/11/2024,8:25:11,33.9,33.6,33.3,34.5,34.2,33.9,0.5,948.5,27.1,16.7,16.69,16.6,23.907,0.36,23:52:00
9/11/2024,8:30:11,34.3,34.1,33.8,34.7,34.5,34.3,0.4,948.5,27.1,16.7,16.65,16.6,23.99,0.35,23:57:00
9/11/2024,8:35:11,34.5,34.4,34.3,35,34.9,34.7,0.4,948.6,27.1,16.7,16.66,16.6,24.074,0.35,24:02:00
9/11/2024,8:40:11,34.6,34.6,34.5,35.5,35.2,34.9,0.5,948.6,27.6,16.8,16.72,16.6,24.157,0.35,24:07:00
