Filter ID:,54410,,LOCATION ID:,1,,,,,,,,,,,,
Date,Time,AT Max,AT Avg,AT Min,FT Max,FT Avg,FT Min,Diff Temp,BP,FP,FR Max,FR Avg,FR Min,Volume,CV,ET
dd/mm/yy,hh:mm:ss,Deg C,Deg C,Deg C,Deg C,Deg C,Deg C,Deg C,mbar,mmHg,Lpm,Lpm,Lpm,M3,%,HH:MM:SS
Machine Start at:,6/11/2024,10:16:35,,,,,,,,,,,,,,
6/11/2024,10:21:35,27.6,27.4,26.9,25.3,25.1,25,2.2,950,25.2,23,17.1,16.8,0.085,8.26,0:05:00
6/11/2024,10:26:35,27.9,27.7,27.6,25.5,25.3,25.1,2.4,950.4,24.6,16.8,16.69,16.6,0.169,1.71,0:10:00
6/11/2024,10:31:35,28.3,28,27.8,26.3,25.9,25.5,2.1,950.4,24.6,16.8,16.7,16.6,0.252,1.39,0:15:00
6/11/2024,10:36:35,29.1,28.6,28.3,27.3,26.8,26.3,1.8,950.4,24.6,16.8,16.71,16.6,0.336,1.19,0:20:00
6/11/2024,10:41:35,30.6,29.8,29.1,28.4,27.9,27.3,1.8,950.4,24.6,16.8,16.67,16.6,0.419,1.09,0:25:00
6/11/2024,10:46:35,33,31.7,30.6,29.6,29,28.4,2.7,950.4,24.6,16.7,16.64,16.6,0.502,1.02,0:30:00
6/11/2024,10:51:35,35.8,34.4,33,30.8,30.2,29.6,4.2,950.4,24.6,16.8,16.76,16.6,0.586,0.93,0:35:00
6/11/2024,10:56:35,38.2,37,35.8,31.9,31.4,30.8,ERRO,950.4,24.6,16.8,16.68,16.6,0.67,0.88,0:40:00
6/11/2024,11:01:35,40.3,39.2,38.2,33.3,32.7,31.9,ERRO,950.7,24.6,16.7,16.67,16.6,0.753,0.83,0:45:00
6/11/2024,11:06:35,42.1,41.2,40.2,34.6,34,33.3,ERRO,951.8,24.6,16.8,16.69,16.6,0.836,0.79,0:50:00
6/11/2024,11:12:35,44.1,43.3,42.1,36.1,35.5,34.7,ERRO,953.2,25,16.8,16.68,16.6,0.92,0.76,0:55:00
6/11/2024,11:17:35,45.4,44.8,44.1,37.2,36.7,36.1,ERRO,953.5,25.3,16.8,16.69,16.6,1.003,0.72,1:00:00
6/11/2024,11:22:35,46.5,45.9,45.4,38.2,37.6,37.2,ERRO,953.5,25.6,16.8,16.71,16.6,1.087,0.69,1:05:00
6/11/2024,11:27:35,47.4,46.9,46.5,39,38.6,38.2,ERRO,953.5,25.9,16.8,16.72,16.6,1.17,0.67,1:10:00
6/11/2024,11:32:35,47.9,47.7,47.3,39.4,39.2,39,ERRO,953.5,25.7,16.7,16.62,16.5,1.254,0.66,1:15:00
6/11/2024,11:37:35,48.2,48.1,47.9,40,39.7,39.4,ERRO,953.5,26.1,16.8,16.74,16.6,1.337,0.64,1:20:00
6/11/2024,11:42:35,48.8,48.5,48.2,40.6,40.3,40,ERRO,953.5,26.1,16.7,16.63,16.6,1.42,0.63,1:25:00
6/11/2024,11:47:35,49.1,48.9,48.7,41.1,40.9,40.6,ERRO,953.5,26.6,16.8,16.77,16.7,1.504,0.62,1:30:00
6/11/2024,11:52:35,49.5,49.3,49,41.5,41.2,41.1,ERRO,953.5,26.3,16.7,16.68,16.6,1.588,0.61,1:35:00
6/11/2024,11:57:35,49.8,49.6,49.5,42.1,41.8,41.5,ERRO,953.5,26.6,16.7,16.65,16.6,1.671,0.6,1:40:00
6/11/2024,12:02:35,50.2,50,49.8,42.5,42.3,42.1,ERRO,953.5,27,16.8,16.72,16.7,1.755,0.58,1:45:00
6/11/2024,12:07:35,50.6,50.4,50.2,42.9,42.7,42.5,ERRO,953.5,26.9,16.6,16.62,16.5,1.838,0.58,1:50:00
6/11/2024,12:12:35,50.9,50.7,50.5,43.3,43.1,42.9,ERRO,953.5,27,16.7,16.67,16.6,1.921,0.57,1:55:00
6/11/2024,12:17:35,51.3,51.1,50.9,43.9,43.5,43.3,ERRO,953.5,27.3,16.7,16.7,16.6,2.005,0.55,2:00:00
6/11/2024,12:22:35,51.7,51.5,51.3,44.2,44,43.9,ERRO,953.5,27.3,16.6,16.62,16.6,2.088,0.55,2:05:00
6/11/2024,12:27:35,52,51.8,51.6,44.4,44.3,44.2,ERRO,953.5,27.2,16.7,16.63,16.5,2.171,0.55,2:10:00
6/11/2024,12:32:35,52.2,52.1,52,44.8,44.6,44.4,ERRO,953.5,27.3,16.8,16.75,16.7,2.255,0.54,2:15:00
6/11/2024,12:37:35,52.4,52.3,52.1,45,44.9,44.8,ERRO,953.5,27.3,16.7,16.69,16.6,2.338,0.53,2:20:00
6/11/2024,12:42:35,52.6,52.5,52.3,45,45,44.9,ERRO,953.5,27.3,16.7,16.67,16.6,2.422,0.52,2:25:00
6/11/2024,12:47:35,52.7,52.6,52.5,45.4,45.2,45,ERRO,953.5,27.3,16.6,16.61,16.5,2.505,0.52,2:30:00
6/11/2024,12:52:35,53,52.8,52.7,45.8,45.5,45.4,ERRO,953.5,27.4,16.8,16.7,16.6,2.588,0.51,2:35:00
6/11/2024,12:57:35,53.3,53.1,52.9,46.2,46,45.7,ERRO,953.5,27.4,16.8,16.74,16.7,2.672,0.51,2:40:00
6/11/2024,13:02:35,53.7,53.5,53.3,46.6,46.4,46.2,ERRO,953.5,27.4,16.7,16.65,16.6,2.755,0.5,2:45:00
6/11/2024,13:07:35,53.9,53.8,53.7,46.7,46.6,46.5,ERRO,953.5,27.4,16.6,16.59,16.5,2.838,0.51,2:50:00
6/11/2024,13:12:35,53.9,53.8,53.8,47,46.8,46.6,ERRO,953.5,27.4,16.7,16.65,16.6,2.922,0.5,2:55:00
6/11/2024,13:17:35,54,53.9,53.8,47.1,47.1,47,ERRO,953.5,27.4,16.8,16.74,16.7,3.005,0.5,3:00:00
6/11/2024,13:22:35,54,53.9,53.9,47.6,47.3,47.1,ERRO,953.5,27.4,16.7,16.67,16.6,3.089,0.49,3:05:00
6/11/2024,13:27:35,54,54,54,47.9,47.7,47.6,ERRO,953.5,27.4,16.6,16.6,16.5,3.172,0.49,3:10:00
6/11/2024,13:32:35,54,54,54,48.2,48.1,47.9,ERRO,953.5,27.4,16.8,16.74,16.6,3.255,0.49,3:15:00
6/11/2024,13:37:35,54,54,54,48.5,48.3,48.2,ERRO,953.5,27.4,16.7,16.69,16.6,3.339,0.48,3:20:00
6/11/2024,13:42:35,54,54,54,48.5,48.1,47.7,ERRO,953.5,27.4,16.7,16.67,16.6,3.422,0.47,3:25:00
6/11/2024,13:47:35,54,54,54,47.9,47.8,47.7,ERRO,953.5,27.4,16.7,16.7,16.6,3.506,0.47,3:30:00
6/11/2024,13:52:35,54,54,54,47.8,47.7,47.7,ERRO,953.5,27.4,16.7,16.73,16.7,3.589,0.47,3:35:00
6/11/2024,13:57:35,54,54,54,48.1,47.9,47.7,ERRO,953.5,27.4,16.7,16.7,16.6,3.673,0.46,3:40:00
6/11/2024,14:02:35,54,54,54,48.6,48.3,48,ERRO,953.5,27.4,16.7,16.63,16.6,3.756,0.46,3:45:00
6/11/2024,14:07:35,54,54,54,49,48.8,48.6,ERRO,953.5,27.4,16.7,16.66,16.6,3.84,0.45,3:50:00
6/11/2024,14:12:35,54,54,54,49.2,49,48.9,4.9,953.5,27.4,16.7,16.72,16.7,3.923,0.45,3:55:00
6/11/2024,14:17:35,54,54,54,49.6,49.4,49.2,4.5,953.5,27.4,16.7,16.63,16.6,4.006,0.45,4:00:00
6/11/2024,14:22:35,54,54,54,50,49.8,49.5,4.1,953.5,27.4,16.7,16.61,16.6,4.089,0.45,4:05:00
6/11/2024,14:27:35,54,54,54,50.3,50.2,49.9,3.7,953.5,27.4,16.7,16.72,16.6,4.173,0.44,4:10:00
6/11/2024,14:32:35,54,54,54,50.5,50.4,50.2,3.5,953.5,27.4,16.7,16.65,16.6,4.256,0.44,4:15:00
6/11/2024,14:37:35,54,54,54,50.7,50.6,50.5,3.3,953.5,27.4,16.6,16.61,16.6,4.339,0.44,4:20:00
6/11/2024,14:42:35,54,54,54,50.8,50.7,50.7,3.2,953.5,27.4,16.7,16.7,16.6,4.423,0.43,4:25:00
6/11/2024,14:47:35,54,54,54,50.8,50.7,50.6,3.2,953.5,27.4,16.7,16.68,16.6,4.506,0.43,4:30:00
6/11/2024,14:52:35,54,54,54,50.8,50.3,49.9,3.6,953.5,27.4,16.7,16.68,16.6,4.59,0.43,4:35:00
6/11/2024,14:57:35,54,54,54,50,49.7,49.6,4.2,953.4,27.4,16.7,16.65,16.6,4.673,0.42,4:40:00
6/11/2024,15:02:35,54,54,54,49.7,49.6,49.5,4.3,953.5,27.4,16.6,16.64,16.6,4.756,0.42,4:45:00
6/11/2024,15:07:35,54,54,54,49.8,49.7,49.7,4.2,953.5,27.4,16.6,16.64,16.6,4.84,0.42,4:50:00
6/11/2024,15:12:35,54,54,54,49.9,49.8,49.6,4.1,953.5,27.4,16.6,16.64,16.6,4.923,0.42,4:55:00
6/11/2024,15:17:35,54,53.9,53.9,49.6,49.5,49.4,4.4,953.5,27.4,16.6,16.64,16.6,5.006,0.41,5:00:00
6/11/2024,15:22:35,53.9,53.7,53.5,49.6,49.4,48.9,4.3,952.7,27.4,16.7,16.65,16.6,5.089,0.41,5:05:00
6/11/2024,15:27:35,53.5,53.1,52.6,48.9,48.3,48,4.7,951.9,27.4,16.7,16.7,16.6,5.173,0.41,5:10:00
6/11/2024,15:32:35,52.6,52.2,51.8,48,47.9,47.9,4.2,952.4,27.4,16.7,16.67,16.6,5.256,0.4,5:15:00
6/11/2024,15:37:35,51.9,51.6,51.4,48.3,48.1,48,3.5,952.5,27.4,16.7,16.71,16.6,5.34,0.4,5:20:00
6/11/2024,15:42:35,51.5,51.4,51.3,48.7,48.4,48.3,2.9,952.1,27.4,16.7,16.7,16.6,5.423,0.4,5:25:00
6/11/2024,15:47:35,51.6,51.5,51.4,48.9,48.9,48.7,2.6,951.7,27.4,16.7,16.7,16.6,5.507,0.4,5:30:00
6/11/2024,15:52:35,51.6,51.5,51.5,49,48.9,48.7,2.6,951.9,27.4,16.7,16.69,16.6,5.59,0.39,5:35:00
6/11/2024,15:57:35,51.5,51.3,51.1,48.8,48.6,48.5,2.7,951.8,27.4,16.7,16.69,16.6,5.674,0.39,5:40:00
6/11/2024,16:02:35,51.1,50.9,50.5,48.5,48.3,48.1,2.6,951.1,27.4,16.7,16.69,16.6,5.757,0.39,5:45:00
6/11/2024,16:07:35,50.6,50.4,50.1,48.2,48.2,48.1,2.2,950.7,27.4,16.7,16.68,16.6,5.841,0.39,5:50:00
6/11/2024,16:12:35,50.1,49.9,49.7,48.4,48.3,48.1,1.6,951.4,27.4,16.7,16.68,16.6,5.924,0.38,5:55:00
6/11/2024,16:17:35,49.7,49.5,49.3,48.3,48.3,48.2,1.2,951.7,27.4,16.7,16.7,16.6,6.008,0.38,6:00:00
6/11/2024,16:22:35,49.3,49.1,48.9,48.3,48.3,48.1,0.8,951.8,27.5,16.7,16.71,16.6,6.091,0.38,6:05:00
6/11/2024,16:27:35,49,48.7,48.5,48.2,48.1,48,0.6,952.3,27.6,16.7,16.7,16.6,6.175,0.38,6:10:00
6/11/2024,16:32:35,48.6,48.3,48.1,48.1,47.9,47.6,0.4,953.1,28.1,16.7,16.71,16.6,6.258,0.37,6:15:00
6/11/2024,16:37:35,48.1,47.8,47.4,47.6,47.3,46.9,0.4,951.6,27.6,16.7,16.68,16.6,6.342,0.37,6:20:00
6/11/2024,16:42:35,47.4,47.1,46.7,46.9,46.6,46.4,0.4,951.9,27.7,16.7,16.69,16.6,6.425,0.37,6:25:00
6/11/2024,16:47:35,46.7,46.5,46.2,46.4,46.2,45.9,0.2,951,27.8,16.7,16.71,16.6,6.509,0.37,6:30:00
6/11/2024,16:52:35,46.2,46,45.7,45.9,45.7,45.5,0.2,950.9,27.6,16.7,16.67,16.6,6.592,0.36,6:35:00
6/11/2024,16:57:35,45.7,45.5,45.3,45.5,45.4,45.2,0.1,950.9,27.7,16.7,16.7,16.6,6.676,0.36,6:40:00
6/11/2024,17:02:35,45.4,45.2,45.1,45.3,45.1,45,0,951,27.6,16.7,16.68,16.6,6.759,0.36,6:45:00
6/11/2024,17:07:35,45.1,44.9,44.7,45,44.7,44.3,0.2,950.7,27.9,16.7,16.69,16.6,6.843,0.36,6:50:00
6/11/2024,17:12:35,44.7,44.4,44.1,44.3,43.9,43.4,0.5,950.7,27.6,16.7,16.68,16.6,6.926,0.36,6:55:00
6/11/2024,17:17:35,44.1,43.8,43.4,43.4,43,42.5,0.7,950.5,27.5,16.7,16.68,16.6,7.009,0.35,7:00:00
6/11/2024,17:22:35,43.4,43,42.7,42.5,42,41.6,0.9,950.4,27.5,16.7,16.67,16.6,7.093,0.35,7:05:00
6/11/2024,17:27:35,42.7,42.4,42.1,41.6,41.2,40.9,1.1,950.4,27.5,16.7,16.7,16.6,7.176,0.35,7:10:00
6/11/2024,17:32:35,42.1,41.9,41.6,40.9,40.5,40.2,1.3,950.4,27.4,16.7,16.66,16.6,7.26,0.35,7:15:00
6/11/2024,17:37:35,41.7,41.5,41.2,40.2,39.9,39.6,1.5,950.4,27.6,16.7,16.69,16.6,7.343,0.35,7:20:00
6/11/2024,17:42:35,41.2,41.1,40.8,39.7,39.4,39.1,1.6,950.4,27.6,16.7,16.71,16.6,7.427,0.35,7:25:00
6/11/2024,17:47:35,40.8,40.7,40.4,39.1,38.9,38.6,1.7,950.4,27.5,16.7,16.64,16.6,7.51,0.35,7:30:00
6/11/2024,17:52:35,40.4,40.2,40,38.6,38.4,38.1,1.8,950.4,27.5,16.7,16.67,16.6,7.593,0.34,7:35:00
6/11/2024,17:57:35,40,39.8,39.6,38.1,37.9,37.6,1.9,950.4,27.7,16.7,16.71,16.6,7.677,0.34,7:40:00
6/11/2024,18:02:35,39.6,39.4,39.2,37.6,37.4,37.2,2,950.4,27.8,16.7,16.68,16.6,7.76,0.34,7:45:00
6/11/2024,18:07:35,39.2,39.1,38.9,37.2,36.9,36.7,2.1,950.4,27.7,16.7,16.65,16.6,7.844,0.34,7:50:00
6/11/2024,18:12:35,38.9,38.7,38.5,36.7,36.5,36.3,2.1,950.4,28.2,16.7,16.68,16.6,7.927,0.34,7:55:00
6/11/2024,18:17:35,38.5,38.3,38.1,36.4,36.2,36,2.1,950.4,28.4,16.7,16.72,16.7,8.011,0.34,8:00:00
6/11/2024,18:22:35,38.2,38,37.9,36,35.8,35.6,2.2,950.4,28.6,16.7,16.69,16.6,8.094,0.33,8:05:00
6/11/2024,18:27:35,37.9,37.8,37.6,35.7,35.5,35.4,2.2,950.4,28.1,16.7,16.64,16.6,8.177,0.33,8:10:00
6/11/2024,18:32:35,37.6,37.5,37.4,35.4,35.2,35,2.2,950.4,28,16.7,16.67,16.6,8.261,0.33,8:15:00
6/11/2024,18:37:35,37.4,37.2,37.1,35.1,34.9,34.7,2.3,950.4,28.5,16.7,16.69,16.6,8.344,0.33,8:20:00
6/11/2024,18:42:35,37.1,37,36.8,34.7,34.6,34.4,2.3,950.4,28.9,16.7,16.72,16.7,8.428,0.33,8:25:00
6/11/2024,18:47:35,36.8,36.7,36.5,34.5,34.3,34.2,2.3,950.4,28.8,16.7,16.71,16.6,8.511,0.33,8:30:00
6/11/2024,18:52:35,36.5,36.4,36.3,34.2,34.1,34,2.2,950.4,28.3,16.7,16.65,16.6,8.595,0.32,8:35:00
6/11/2024,18:57:35,36.3,36.2,36.1,34,33.9,33.8,2.3,950.4,29.1,16.7,16.7,16.6,8.678,0.32,8:40:00
6/11/2024,19:02:35,36.1,36,35.9,33.8,33.7,33.7,2.2,950.4,28.8,16.7,16.66,16.6,8.762,0.32,8:45:00
6/11/2024,19:07:35,35.9,35.8,35.7,33.7,33.6,33.4,2.2,950.4,28.4,16.7,16.68,16.6,8.845,0.32,8:50:00
6/11/2024,19:12:35,35.7,35.6,35.5,33.4,33.3,33.3,2.2,950.4,28.8,16.7,16.67,16.6,8.928,0.32,8:55:00
6/11/2024,19:17:35,35.5,35.4,35.4,33.3,33.2,33.1,2.2,950.4,29.4,16.7,16.7,16.7,9.012,0.32,9:00:00
6/11/2024,19:22:35,35.4,35.4,35.3,33.1,33,33,2.3,950.4,29,16.7,16.72,16.7,9.096,0.32,9:05:00
6/11/2024,19:27:35,35.4,35.3,35.2,33,32.9,32.9,2.3,950.4,29.4,16.7,16.72,16.7,9.179,0.31,9:10:00
6/11/2024,19:32:35,35.3,35.2,35.1,32.9,32.8,32.7,2.3,950.4,29.3,16.7,16.71,16.6,9.263,0.32,9:15:00
6/11/2024,19:37:35,35.1,35.1,35,32.7,32.7,32.6,2.3,950.4,29,16.7,16.69,16.6,9.346,0.31,9:20:00
6/11/2024,19:42:35,35,35,34.9,32.7,32.6,32.5,2.3,950.4,28.9,16.7,16.66,16.6,9.43,0.31,9:25:00
6/11/2024,19:47:35,35,34.9,34.8,32.6,32.5,32.4,2.4,950.4,29,16.8,16.73,16.6,9.513,0.31,9:30:00
6/11/2024,19:52:35,34.9,34.8,34.8,32.5,32.4,32.4,2.3,950.4,29.4,16.8,16.77,16.7,9.597,0.32,9:35:00
6/11/2024,19:57:35,34.8,34.8,34.7,32.5,32.4,32.3,2.4,950.4,29.3,16.7,16.71,16.6,9.681,0.31,9:40:00
6/11/2024,20:02:35,34.8,34.7,34.6,32.3,32.3,32.2,2.4,950.4,28.9,16.7,16.66,16.6,9.764,0.31,9:45:00
6/11/2024,20:07:35,34.7,34.6,34.6,32.3,32.2,32.2,2.4,950.5,29,16.7,16.66,16.6,9.847,0.31,9:50:00
6/11/2024,20:12:35,34.6,34.6,34.5,32.2,32.2,32.1,2.4,950.6,29.1,16.7,16.67,16.6,9.931,0.31,9:55:00
6/11/2024,20:17:35,34.6,34.6,34.5,32.2,32.1,32,2.4,950.5,29.2,16.7,16.67,16.6,10.014,0.31,10:00:00
6/11/2024,20:22:35,34.6,34.5,34.5,32.2,32.1,32,2.4,950.5,29.5,16.7,16.68,16.6,10.097,0.31,10:05:00
6/11/2024,20:27:35,34.5,34.5,34.5,32.1,32,32,2.4,950.4,29.6,16.7,16.67,16.6,10.181,0.31,10:10:00
6/11/2024,20:32:35,34.5,34.4,34.4,32,32,32,2.4,950.4,29.6,16.7,16.66,16.6,10.264,0.31,10:15:00
6/11/2024,20:37:35,34.5,34.4,34.4,32.1,32,32,2.3,950.4,29.8,16.7,16.67,16.6,10.348,0.31,10:20:00
6/11/2024,20:42:35,34.5,34.5,34.4,32.1,32,32,2.4,951.1,29.9,16.7,16.68,16.6,10.431,0.31,10:25:00
6/11/2024,20:47:35,34.6,34.6,34.5,32.2,32.1,32,2.4,951.3,29.9,16.7,16.7,16.6,10.514,0.3,10:30:00
6/11/2024,20:52:35,34.6,34.6,34.5,32.2,32.1,32,2.4,950.4,29.8,16.7,16.68,16.6,10.598,0.3,10:35:00
6/11/2024,20:57:35,34.5,34.5,34.4,32.1,32,31.9,2.5,950.4,29.5,16.7,16.67,16.6,10.681,0.3,10:40:00
6/11/2024,21:02:35,34.5,34.4,34.3,31.9,31.9,31.8,2.5,950.4,30,16.7,16.68,16.6,10.765,0.3,10:45:00
6/11/2024,21:07:35,34.4,34.3,34.3,31.9,31.8,31.8,2.4,950.4,30.1,16.7,16.66,16.6,10.848,0.3,10:50:00
6/11/2024,21:12:35,34.3,34.3,34.2,31.9,31.9,31.8,2.3,950.4,30,16.7,16.65,16.6,10.931,0.3,10:55:00
6/11/2024,21:17:35,34.2,34,33.8,31.8,31.7,31.6,2.3,950.8,29.9,16.7,16.68,16.6,11.015,0.3,11:00:00
6/11/2024,21:22:35,33.9,33.6,33.4,31.8,31.5,31.3,2.1,950.4,30,16.7,16.71,16.7,11.098,0.3,11:05:00
6/11/2024,21:27:35,33.4,33.4,33.3,31.4,31.3,31.2,2.1,950.9,30.1,16.7,16.71,16.7,11.182,0.3,11:10:00
6/11/2024,21:32:35,33.5,33.4,33.4,31.3,31.2,31.2,2.2,950.7,30.1,16.7,16.7,16.6,11.265,0.3,11:15:00
6/11/2024,21:37:35,33.7,33.6,33.5,31.4,31.3,31.2,2.2,950.6,30.1,16.7,16.7,16.6,11.349,0.3,11:20:00
6/11/2024,21:42:35,33.8,33.7,33.6,31.5,31.4,31.3,2.3,951.6,30.1,16.7,16.68,16.6,11.432,0.3,11:25:00
6/11/2024,21:47:35,33.9,33.9,33.7,31.6,31.5,31.5,2.3,950.5,30.1,16.7,16.69,16.6,11.516,0.3,11:30:00
6/11/2024,21:52:35,34.1,34,33.9,31.6,31.6,31.6,2.3,950.4,30.1,16.7,16.67,16.6,11.599,0.3,11:35:00
6/11/2024,21:57:35,34.3,34.2,34.1,31.8,31.7,31.6,2.4,950.4,30.1,16.7,16.66,16.6,11.683,0.3,11:40:00
6/11/2024,22:02:35,34.4,34.3,34.3,31.9,31.8,31.7,2.5,950.4,30.1,16.7,16.67,16.6,11.766,0.3,11:45:00
6/11/2024,22:07:35,34.5,34.4,34.4,32,31.9,31.8,2.5,950.4,30.1,16.7,16.66,16.6,11.849,0.3,11:50:00
6/11/2024,22:12:35,34.4,34.4,34.4,32.1,32,31.9,2.3,950.4,30.1,16.7,16.68,16.6,11.933,0.3,11:55:00
6/11/2024,22:17:35,34.4,34.4,34.4,32.1,32,32,2.3,950.4,30.1,16.7,16.72,16.6,12.016,0.3,12:00:00
6/11/2024,22:22:35,34.4,34.4,34.4,32,32,31.9,2.4,950.4,30.1,16.7,16.69,16.6,12.1,0.3,12:05:00
6/11/2024,22:27:35,34.5,34.4,34.4,32,31.9,31.9,2.4,950.4,30.1,16.7,16.68,16.6,12.183,0.29,12:10:00
6/11/2024,22:32:35,34.4,34.4,34.3,32.1,32,31.9,2.3,950.4,30.1,16.7,16.68,16.6,12.267,0.3,12:15:00
6/11/2024,22:37:35,34.4,34.2,33.8,32,31.9,31.6,2.3,950.4,30.1,16.7,16.66,16.6,12.35,0.3,12:20:00
6/11/2024,22:42:35,33.8,33.3,32.8,31.7,31.4,31.1,1.8,950.4,30.1,16.7,16.68,16.6,12.433,0.3,12:25:00
6/11/2024,22:47:35,32.8,32.4,32,31.1,30.7,30.4,1.6,950.4,30.1,16.7,16.67,16.6,12.517,0.3,12:30:00
6/11/2024,22:52:35,32,31.6,31.3,30.4,30.1,29.8,1.5,950.4,30.1,16.7,16.68,16.6,12.6,0.3,12:35:00
6/11/2024,22:57:35,31.3,31.2,31.1,29.8,29.6,29.4,1.5,950.4,30.1,16.7,16.72,16.7,12.684,0.3,12:40:00
6/11/2024,23:02:35,31.3,31.2,31.1,29.4,29.4,29.3,1.8,950.4,30,16.7,16.69,16.6,12.767,0.29,12:45:00
6/11/2024,23:07:35,31.4,31.3,31.2,29.3,29.3,29.2,2,950.4,30,16.7,16.68,16.6,12.851,0.29,12:50:00
6/11/2024,23:12:35,31.5,31.5,31.4,29.3,29.2,29.2,2.2,950.4,29.8,16.7,16.68,16.6,12.934,0.29,12:55:00
6/11/2024,23:17:35,31.6,31.6,31.5,29.3,29.2,29.2,2.3,950.4,29.8,16.7,16.71,16.6,13.018,0.29,13:00:00
6/11/2024,23:22:35,31.8,31.7,31.6,29.3,29.2,29.2,2.4,950.4,30.1,16.7,16.73,16.7,13.101,0.29,13:05:00
6/11/2024,23:27:35,31.9,31.8,31.8,29.3,29.2,29.1,2.5,950.4,30.1,16.7,16.74,16.7,13.185,0.29,13:10:00
6/11/2024,23:32:35,32.1,32,31.8,29.5,29.4,29.3,2.5,950.4,30.1,16.7,16.74,16.7,13.269,0.29,13:15:00
6/11/2024,23:37:35,32.1,32.1,32,29.5,29.5,29.4,2.6,950.4,30.1,16.7,16.72,16.7,13.353,0.29,13:20:00
6/11/2024,23:42:35,32.1,32.1,32,29.7,29.6,29.5,2.4,950.4,30.1,16.7,16.71,16.7,13.436,0.29,13:25:00
6/11/2024,23:47:35,32,31.9,31.9,29.7,29.6,29.5,2.3,950.4,30.1,16.7,16.7,16.7,13.52,0.29,13:30:00
6/11/2024,23:52:35,31.9,31.8,31.8,29.6,29.6,29.5,2.2,950.4,30.1,16.7,16.69,16.6,13.603,0.29,13:35:00
6/11/2024,23:57:35,31.8,31.8,31.8,29.7,29.7,29.6,2.1,950.4,30.1,16.7,16.69,16.6,13.687,0.29,13:40:00
7/11/2024,0:02:35,31.8,31.8,31.8,29.7,29.7,29.6,2.1,950.4,30.1,16.7,16.68,16.6,13.77,0.28,13:45:00
7/11/2024,0:07:35,31.8,31.8,31.7,29.7,29.6,29.6,2.1,950.4,30.1,16.7,16.68,16.6,13.854,0.28,13:50:00
7/11/2024,0:12:35,31.8,31.7,31.7,29.6,29.6,29.5,2.1,950.4,30.1,16.7,16.69,16.6,13.937,0.28,13:55:00
7/11/2024,0:17:35,31.7,31.6,31.4,29.5,29.4,29.3,2.1,950.4,29.8,16.7,16.7,16.7,14.021,0.28,14:00:00
7/11/2024,0:22:35,31.5,31.4,31.3,29.3,29.2,29.1,2.1,950.4,29.9,16.7,16.71,16.7,14.104,0.28,14:05:00
7/11/2024,0:27:35,31.3,31.1,31,29.1,29,28.9,2.1,950.4,29.5,16.7,16.67,16.6,14.188,0.28,14:10:00
7/11/2024,0:32:35,31,30.8,30.6,28.9,28.8,28.6,2,950.4,28.9,16.7,16.65,16.6,14.271,0.28,14:15:00
7/11/2024,0:37:35,30.6,30.5,30.4,28.6,28.5,28.4,2,950.4,28.9,16.7,16.68,16.6,14.354,0.28,14:20:00
7/11/2024,0:42:35,30.4,30.3,30.2,28.4,28.4,28.3,1.9,950.4,28.8,16.7,16.68,16.6,14.438,0.28,14:25:00
7/11/2024,0:47:35,30.3,30.1,30,28.3,28.2,28,1.9,950.4,28.4,16.7,16.7,16.6,14.521,0.28,14:30:00
7/11/2024,0:52:35,30,29.9,29.8,28,27.9,27.8,2,950.4,28.1,16.7,16.71,16.6,14.605,0.28,14:35:00
7/11/2024,0:57:35,29.8,29.7,29.6,27.9,27.8,27.7,1.9,950.4,27.8,16.7,16.64,16.6,14.688,0.28,14:40:00
7/11/2024,1:02:35,29.6,29.5,29.4,27.9,27.6,27.5,1.8,950.4,28.1,16.7,16.67,16.6,14.771,0.28,14:45:00
7/11/2024,1:07:35,29.4,29.3,29.2,27.6,27.5,27.3,1.8,950.4,27.6,16.7,16.69,16.6,14.855,0.28,14:50:00
7/11/2024,1:12:35,29.2,29.1,29.1,27.3,27.3,27.2,1.8,950.4,27.6,16.7,16.67,16.6,14.938,0.28,14:55:00
7/11/2024,1:17:35,29.2,29.2,29.2,27.4,27.3,27.2,1.9,950.4,27.5,16.7,16.67,16.6,15.021,0.27,15:00:00
7/11/2024,1:22:35,29.2,29.1,28.9,27.4,27.2,27,1.8,950.4,27.4,16.7,16.67,16.6,15.105,0.27,15:05:00
7/11/2024,1:27:35,28.9,28.8,28.7,27.1,27,26.9,1.8,950.4,27.4,16.7,16.67,16.6,15.188,0.27,15:10:00
7/11/2024,1:32:35,28.8,28.7,28.7,26.9,26.8,26.8,1.9,950.4,27.4,16.7,16.67,16.6,15.271,0.27,15:15:00
7/11/2024,1:37:35,28.8,28.8,28.7,27,26.9,26.8,1.9,950.4,27.4,16.7,16.68,16.6,15.355,0.27,15:20:00
7/11/2024,1:42:35,28.8,28.7,28.5,26.9,26.8,26.8,1.8,950.4,27.4,16.7,16.68,16.6,15.438,0.27,15:25:00
7/11/2024,1:47:35,28.6,28.5,28.4,26.9,26.8,26.6,1.6,950.3,27.4,16.7,16.69,16.6,15.522,0.27,15:30:00
7/11/2024,1:52:35,28.4,28.3,28.3,26.8,26.6,26.5,1.7,950.2,27.4,16.7,16.69,16.6,15.605,0.27,15:35:00
7/11/2024,1:57:35,28.4,28.4,28.3,26.6,26.5,26.5,1.8,950.1,27.4,16.7,16.7,16.6,15.689,0.27,15:40:00
7/11/2024,2:02:35,28.4,28.4,28.3,26.6,26.5,26.4,1.9,950.2,27.4,16.7,16.71,16.6,15.772,0.27,15:45:00
7/11/2024,2:07:35,28.5,28.5,28.4,26.5,26.4,26.3,2,949.4,27.4,16.7,16.73,16.7,15.856,0.27,15:50:00
7/11/2024,2:12:35,28.6,28.6,28.5,26.5,26.4,26.4,2.1,949.8,27.4,16.7,16.71,16.7,15.94,0.27,15:55:00
7/11/2024,2:17:35,28.7,28.6,28.5,26.5,26.5,26.4,2.1,949.1,27.4,16.7,16.71,16.6,16.023,0.27,16:00:00
7/11/2024,2:22:35,28.7,28.7,28.6,26.6,26.5,26.5,2.1,949.3,27.4,16.7,16.7,16.6,16.107,0.27,16:05:00
7/11/2024,2:27:35,28.7,28.7,28.6,26.7,26.6,26.5,2,949.2,27.4,16.7,16.69,16.6,16.19,0.26,16:10:00
7/11/2024,2:32:35,28.7,28.7,28.6,26.7,26.6,26.5,2,948.6,27.4,16.7,16.7,16.6,16.274,0.27,16:15:00
7/11/2024,2:37:35,28.7,28.6,28.5,26.7,26.6,26.5,1.9,949.4,27.4,16.7,16.69,16.6,16.357,0.27,16:20:00
7/11/2024,2:42:35,28.5,28.4,28.4,26.6,26.4,26.3,2,948.1,27.4,16.7,16.73,16.7,16.441,0.27,16:25:00
7/11/2024,2:47:35,28.4,28.4,28.4,26.4,26.3,26.2,2,948.2,27.4,16.7,16.73,16.7,16.524,0.27,16:30:00
7/11/2024,2:52:35,28.4,28.4,28.3,26.4,26.3,26.2,2,947.9,27.4,16.7,16.72,16.6,16.608,0.27,16:35:00
7/11/2024,2:57:35,28.3,28.2,28.1,26.4,26.2,26.1,2,947.4,27.4,16.7,16.67,16.6,16.691,0.26,16:40:00
7/11/2024,3:02:35,28.1,28,27.8,26.1,25.9,25.8,2,948.3,27.4,16.7,16.67,16.6,16.775,0.26,16:45:00
7/11/2024,3:07:35,27.9,27.7,27.6,25.9,25.8,25.8,1.9,947.4,27.4,16.7,16.69,16.6,16.858,0.26,16:50:00
7/11/2024,3:12:35,27.6,27.5,27.5,25.8,25.6,25.5,1.9,947.3,27.4,16.7,16.7,16.6,16.942,0.26,16:55:00
7/11/2024,3:17:35,27.6,27.5,27.5,25.5,25.4,25.4,2.1,947.3,27.4,16.7,16.69,16.6,17.025,0.26,17:00:00
7/11/2024,3:22:35,27.6,27.5,27.3,25.5,25.5,25.4,2,947.3,27.4,16.7,16.7,16.6,17.108,0.26,17:05:00
7/11/2024,3:27:35,27.4,27.3,27.2,25.5,25.4,25.3,1.9,947.4,27.4,16.7,16.7,16.6,17.192,0.26,17:10:00
7/11/2024,3:32:35,27.2,27.2,27.1,25.3,25.2,25.1,1.9,947.3,27.4,16.7,16.71,16.7,17.275,0.26,17:15:00
7/11/2024,3:37:35,27.3,27.2,27.1,25.2,25.1,25.1,2,947.3,27.4,16.7,16.7,16.7,17.359,0.26,17:20:00
7/11/2024,3:42:35,27.4,27.3,27.3,25.2,25.1,25.1,2.2,947.3,27.4,16.7,16.7,16.6,17.442,0.26,17:25:00
7/11/2024,3:47:35,27.6,27.5,27.4,25.2,25.2,25.1,2.3,947.7,27.4,16.7,16.71,16.6,17.526,0.26,17:30:00
7/11/2024,3:52:35,27.9,27.8,27.6,25.4,25.3,25.2,2.4,947.3,27.4,16.7,16.71,16.7,17.61,0.26,17:35:00
7/11/2024,3:57:35,28,28,27.9,25.5,25.4,25.4,2.5,947.3,27.4,16.7,16.68,16.6,17.693,0.26,17:40:00
7/11/2024,4:02:35,28.2,28.1,28,25.7,25.5,25.4,2.5,947.5,27.4,16.7,16.67,16.6,17.776,0.26,17:45:00
7/11/2024,4:07:35,28.3,28.2,28.1,25.7,25.6,25.6,2.5,947.4,27.4,16.7,16.68,16.6,17.86,0.26,17:50:00
7/11/2024,4:12:35,28.3,28.3,28.2,25.8,25.7,25.6,2.5,947.8,27.4,16.7,16.71,16.6,17.943,0.26,17:55:00
7/11/2024,4:17:35,28.3,28.3,28.2,25.8,25.7,25.6,2.5,947.4,27.4,16.7,16.72,16.6,18.027,0.26,18:00:00
7/11/2024,4:22:35,28.5,28.4,28.3,25.9,25.8,25.7,2.6,949.4,27.4,16.7,16.71,16.7,18.111,0.25,18:05:00
7/11/2024,4:27:35,28.6,28.5,28.5,25.9,25.8,25.8,2.6,949,27.4,16.7,16.69,16.6,18.194,0.25,18:10:00
7/11/2024,4:32:35,28.7,28.6,28.5,25.9,25.9,25.8,2.7,947.4,27.4,16.7,16.64,16.6,18.277,0.25,18:15:00
7/11/2024,4:37:35,28.7,28.7,28.6,25.9,25.9,25.9,2.7,948.5,27.4,16.7,16.71,16.6,18.361,0.25,18:20:00
7/11/2024,4:42:35,28.7,28.7,28.6,26.1,26,25.9,2.6,949.2,27.4,16.7,16.7,16.6,18.444,0.25,18:25:00
7/11/2024,4:47:35,28.7,28.7,28.7,26.1,26,26,2.6,949.2,27.4,16.7,16.69,16.6,18.528,0.25,18:30:00
7/11/2024,4:52:35,28.8,28.7,28.7,26.1,26.1,26,2.6,949.5,27.4,16.7,16.68,16.6,18.611,0.25,18:35:00
7/11/2024,4:57:35,28.8,28.7,28.7,26.1,26,26,2.7,948.8,27.4,16.7,16.69,16.6,18.695,0.25,18:40:00
7/11/2024,5:02:35,28.7,28.6,28.4,26,25.9,25.8,2.6,949.5,27.4,16.7,16.71,16.6,18.778,0.25,18:45:00
7/11/2024,5:07:35,28.5,28.3,28.2,25.8,25.7,25.6,2.5,947.3,27.4,16.8,16.73,16.7,18.862,0.25,18:50:00
7/11/2024,5:12:35,28.2,28.1,28,25.6,25.6,25.5,2.5,947.7,27.4,16.7,16.7,16.6,18.946,0.25,18:55:00
7/11/2024,5:17:35,28,27.9,27.8,25.5,25.5,25.4,2.4,949.6,27.4,16.7,16.71,16.6,19.029,0.25,19:00:00
7/11/2024,5:22:35,27.9,27.8,27.7,25.4,25.4,25.3,2.4,949.5,27.4,16.7,16.71,16.6,19.113,0.25,19:05:00
7/11/2024,5:27:35,27.8,27.7,27.7,25.4,25.3,25.3,2.4,950,27.4,16.7,16.73,16.6,19.197,0.25,19:10:00
7/11/2024,5:32:35,27.7,27.7,27.6,25.3,25.2,25.2,2.4,949.6,27.4,16.7,16.68,16.6,19.28,0.25,19:15:00
7/11/2024,5:37:35,27.6,27.6,27.5,25.2,25.2,25.1,2.4,949.8,27.4,16.7,16.67,16.6,19.363,0.25,19:20:00
7/11/2024,5:42:35,27.6,27.5,27.4,25.1,25.1,25,2.4,949.8,27.4,16.7,16.67,16.6,19.447,0.25,19:25:00
7/11/2024,5:47:35,27.5,27.4,27.3,25,24.9,24.9,2.4,949.6,27.4,16.7,16.67,16.6,19.53,0.25,19:30:00
7/11/2024,5:52:35,27.3,27.2,27.1,24.9,24.8,24.8,2.3,950.2,27.4,16.7,16.67,16.6,19.613,0.25,19:35:00
7/11/2024,5:57:35,27.1,27,27,24.8,24.7,24.7,2.3,950.3,27.4,16.7,16.68,16.6,19.696,0.25,19:40:00
7/11/2024,6:02:35,27,26.9,26.9,24.7,24.6,24.5,2.3,950.3,27.4,16.7,16.68,16.6,19.78,0.25,19:45:00
7/11/2024,6:07:35,26.9,26.8,26.6,24.7,24.6,24.5,2.1,950.1,27.4,16.7,16.71,16.7,19.863,0.25,19:50:00
7/11/2024,6:12:35,26.7,26.5,26.4,24.6,24.4,24.3,2.1,950.3,27.4,16.7,16.69,16.6,19.947,0.25,19:55:00
7/11/2024,6:17:35,26.4,26.3,26.2,24.3,24.1,24,2.1,950.4,27.4,16.7,16.64,16.6,20.03,0.25,20:00:00
7/11/2024,6:22:35,26.2,26.2,26.2,24,24,23.9,2.2,950.4,27.4,16.6,16.61,16.6,20.113,0.25,20:05:00
7/11/2024,6:27:35,26.2,26.2,26.1,23.9,23.8,23.8,2.3,950.4,27.4,16.6,16.62,16.6,20.196,0.25,20:10:00
7/11/2024,6:32:35,26.1,26.1,26,23.9,23.8,23.7,2.2,950.4,27.4,16.6,16.63,16.6,20.279,0.25,20:15:00
7/11/2024,6:37:35,26.1,26,25.9,23.9,23.8,23.7,2.2,950.4,27.4,16.7,16.64,16.6,20.362,0.25,20:20:00
7/11/2024,6:42:35,26,25.9,25.9,23.8,23.7,23.6,2.2,950.4,27.4,16.7,16.65,16.6,20.445,0.25,20:25:00
7/11/2024,6:47:35,25.9,25.9,25.8,23.9,23.7,23.6,2.1,950.4,27.4,16.7,16.66,16.6,20.529,0.25,20:30:00
7/11/2024,6:52:35,25.8,25.8,25.7,23.7,23.6,23.5,2.1,950.4,27.4,16.7,16.69,16.6,20.612,0.25,20:35:00
7/11/2024,6:57:35,25.8,25.7,25.7,23.6,23.5,23.5,2.1,950.4,27.4,16.7,16.71,16.7,20.696,0.25,20:40:00
7/11/2024,7:02:35,25.7,25.6,25.6,23.6,23.5,23.4,2.1,950.4,27.4,16.7,16.72,16.7,20.779,0.25,20:45:00
7/11/2024,7:07:35,25.7,25.7,25.6,23.4,23.4,23.3,2.2,950.4,27.4,16.7,16.71,16.7,20.863,0.25,20:50:00
7/11/2024,7:12:35,25.9,25.8,25.7,23.6,23.5,23.4,2.3,950.4,27.4,16.7,16.71,16.7,20.947,0.25,20:55:00
7/11/2024,7:17:35,26,26,25.9,23.6,23.5,23.5,2.4,950.4,27.4,16.7,16.69,16.6,21.03,0.26,21:00:00
7/11/2024,7:22:35,26.2,26.1,26,23.7,23.7,23.6,2.4,950.4,27.4,16.7,16.68,16.6,21.114,0.25,21:05:00
7/11/2024,7:27:35,26.5,26.3,26.2,24,23.8,23.7,2.4,950.4,27.4,16.7,16.65,16.6,21.197,0.26,21:10:00
7/11/2024,7:32:35,26.6,26.5,26.4,24.2,24.1,24,2.4,950.4,27.4,16.6,16.64,16.6,21.28,0.26,21:15:00
7/11/2024,7:37:35,26.7,26.6,26.6,24.5,24.3,24.1,2.3,950.4,27.4,16.6,16.63,16.6,21.363,0.26,21:20:00
7/11/2024,7:42:35,26.9,26.8,26.7,24.4,24.3,24.3,2.4,950.4,27.4,16.6,16.61,16.6,21.446,0.26,21:25:00
7/11/2024,7:47:35,27.2,27,26.9,24.7,24.5,24.4,2.5,950.4,27.4,16.6,16.6,16.5,21.529,0.26,21:30:00
7/11/2024,7:52:35,27.3,27.2,27.2,24.8,24.8,24.7,2.4,950.4,27.4,16.8,16.73,16.6,21.613,0.26,21:35:00
7/11/2024,7:57:35,27.4,27.3,27.3,25.1,25,24.8,2.3,950.4,27.4,16.8,16.76,16.7,21.696,0.26,21:40:00
7/11/2024,8:02:35,27.4,27.3,27.3,25.3,25.1,24.9,2.2,950.4,27.4,16.8,16.75,16.7,21.78,0.26,21:45:00
7/11/2024,8:07:35,27.6,27.4,27.3,25.2,25.1,25,2.3,950.4,27.4,16.7,16.72,16.7,21.864,0.26,21:50:00
7/11/2024,8:12:35,27.7,27.6,27.5,25.5,25.3,25.1,2.3,950.4,27.4,16.7,16.7,16.7,21.947,0.26,21:55:00
7/11/2024,8:17:35,27.7,27.6,27.6,25.6,25.5,25.4,2.1,950.4,27.5,16.7,16.7,16.7,22.031,0.26,22:00:00
7/11/2024,8:22:35,27.7,27.7,27.6,25.7,25.6,25.4,2.1,950.4,27.4,16.7,16.69,16.6,22.114,0.26,22:05:00
7/11/2024,8:27:35,27.7,27.7,27.6,25.9,25.7,25.6,1.9,950.4,27.4,16.7,16.68,16.6,22.198,0.26,22:10:00
7/11/2024,8:32:35,28,27.8,27.7,26,25.9,25.8,1.9,950.4,27.4,16.7,16.65,16.6,22.281,0.26,22:15:00
7/11/2024,8:37:35,28.2,28.1,28,26.2,26.1,25.9,2,950.5,27.5,16.7,16.64,16.6,22.364,0.26,22:20:00
7/11/2024,8:42:35,28.5,28.4,28.2,26.5,26.3,26.2,2,950.5,27.9,16.7,16.69,16.6,22.448,0.26,22:25:00
7/11/2024,8:47:35,28.9,28.7,28.5,26.9,26.7,26.5,1.9,951.1,28.2,16.7,16.72,16.7,22.531,0.26,22:30:00
7/11/2024,8:52:35,29.2,29,28.9,27.2,27,26.9,1.9,951.1,28.1,16.7,16.69,16.6,22.615,0.25,22:35:00
7/11/2024,8:57:35,29.4,29.3,29.1,27.5,27.3,27.2,1.9,951.4,28,16.7,16.65,16.6,22.698,0.26,22:40:00
7/11/2024,9:02:35,29.6,29.5,29.3,27.8,27.6,27.4,1.9,952.1,28.3,16.7,16.64,16.6,22.781,0.26,22:45:00
7/11/2024,9:07:35,29.9,29.8,29.6,27.9,27.8,27.7,1.9,952.3,28.9,16.8,16.72,16.6,22.865,0.26,22:50:00
7/11/2024,9:12:35,30.1,30,29.9,28.3,28.1,27.9,1.9,952.4,28.8,16.8,16.74,16.7,22.948,0.26,22:55:00
7/11/2024,9:17:35,30.3,30.2,30.1,28.7,28.3,28.2,1.8,951.9,28.9,16.7,16.71,16.6,23.032,0.26,23:00:00
7/11/2024,9:22:35,30.7,30.5,30.3,28.8,28.7,28.5,1.7,953.1,28.8,16.7,16.65,16.6,23.115,0.26,23:05:00
7/11/2024,9:27:35,31.1,30.9,30.7,29.3,29.1,28.8,1.8,953.3,28.8,16.7,16.63,16.6,23.198,0.26,23:10:00
7/11/2024,9:32:35,31.6,31.4,31.1,29.5,29.4,29.2,2,953.3,29.6,16.8,16.74,16.7,23.282,0.26,23:15:00
7/11/2024,9:37:35,32.1,31.9,31.6,30.1,29.9,29.5,1.9,953.5,29.7,16.7,16.69,16.6,23.366,0.26,23:20:00
7/11/2024,9:42:35,32.5,32.3,32.1,30.8,30.4,30.1,1.9,953.5,29.5,16.7,16.65,16.6,23.449,0.25,23:25:00
7/11/2024,9:47:35,32.9,32.7,32.5,31.1,30.8,30.7,1.8,953.5,29.9,16.7,16.66,16.6,23.532,0.25,23:30:00
7/11/2024,9:52:35,33.3,33.1,32.9,31.3,31.1,30.9,2,953.5,30.1,16.8,16.73,16.7,23.616,0.25,23:35:00
7/11/2024,9:57:35,33.8,33.6,33.3,31.7,31.4,31.2,2.1,953.5,30.1,16.7,16.71,16.6,23.699,0.25,23:40:00
7/11/2024,10:02:35,34.2,34,33.8,32.2,31.8,31.6,2.1,953.5,30.1,16.7,16.66,16.6,23.783,0.25,23:45:00
